product_id,product_code,title,url,price_azn,discounted_price_azn,discount_azn,monthly_payment_azn,installment_months,rating,review_count,quantity,is_online
129188,226458,Notbuk MSI Thin 15 B13UC-3424XAZ/I5-13420H/RAM 16GB/SSD 512GB G4/RTX 3050 4GB (9S7-16R831-3424),https://www.bakuelectronics.az/mehsul/laptop-msi-thin-15-b13uc-3424xaz-9s7-16r831-3424i5-13420hram-16gbssd-512gb-g4rtx-3050-4gb-226458,2039.99,1659.99,380.0,113.33,18,0,0,1,True
129187,226457,Notbuk Lenovo LEGION 5 15AHP10/165HZ/RYZEN 7 260/RAM 16GB DDR5/SSD 512GB G4/RTX 5050 8GB (83M0007RRK),https://www.bakuelectronics.az/mehsul/laptop-lenovo-legion-5-15ahp10-83m0007rrk-165hzryzen-7-260ram-16gb-ddr5ssd-512gb-g4rtx-5050-8gb-226457,3429.99,2789.99,640.0,190.56,18,0,0,1,True
129186,226456,Notbuk ASUS ROG Zephyrus G16 OLED GU605CR-QR224/INTEL ULTRA 9 285H/32GB/1TB G4/RTX 5070TI 12GB (90NR0LZ5-M00CN0),https://www.bakuelectronics.az/mehsul/laptop-asus-rog-zephyrus-g16-90nr0lz5-m00cn0intel-ultra-9-285h32gb-1tb-g4rtx-5070ti-12gb-226456,7849.99,6379.99,1470.0,436.11,18,0,0,1,True
129185,226455,Notbuk ASUS ROG Strix G18 G814PM-S9027/RAM 16GB/1TB G4/RTX 5060 8GB (90NR0L28-M001N0),https://www.bakuelectronics.az/mehsul/laptop-asus-rog-strix-g18-g814pm-s9027-90nr0l28-m001n0r9-8940hxram-16gb-1tb-g4rtx-5060-8gb-226455,4889.99,3969.99,920.0,271.67,18,0,0,1,True
129184,226454,Notbuk ASUS TUF Gaming F16 FX608JHR-RV035 /I7-14650HX/ 16GB/ 512GB G4/RTX 5050 8GB (90NR0NA1-M003C0),https://www.bakuelectronics.az/mehsul/laptop-asus-tuf-gaming-f16-fx608jhr-rv035-90nr0na1-m003c0-i7-14650hx-16gb-512gb-g4rtx-5050-8gb-226454,3629.99,2949.99,680.0,201.67,18,0,0,1,True
129183,226453,Notbuk ASUS V16 V3607VM-RP059/ INTEL 7 240H/RAM 16GB 512GB G4/RTX 5060 8GB (90NB16K1-M004Z0),https://www.bakuelectronics.az/mehsul/laptop-asus-v16-v3607vm-rp059-90nb16k1-m004z0-intel-7-240hram-16gb-512gb-g4rtx-5060-8gb-226453,3489.99,2829.99,660.0,193.89,18,0,0,1,True
129175,226445,Notbuk Lenovo YOGA Pro 7 14IAH10 14.5-inch/TOUCH/INTEL ULTRA 9 285H/32GB/1TB G4/INTEL ARC 140T/W11 (83KF002LRK),https://www.bakuelectronics.az/mehsul/laptop-lenovo-yoga-pro-7-83kf002lrk145-touchintel-ultra-9-285h32gb1tb-g4intel-arc-140tw11-226445,4179.99,3399.99,780.0,232.22,18,0,0,1,True
129174,226444,Notbuk Lenovo ThinkPad E16 Gen 3 16-inch/ WUXGA IPS/INTEL 7 240H 1TB G4/INTEL GRAPHICS (21TF004PFW),https://www.bakuelectronics.az/mehsul/laptop-lenovo-thinkpad-e16-gen-3-21tf004pfw16-wuxga-ipsintel-7-240h-1tb-g4intel-graphics-226444,3029.99,2459.99,570.0,168.33,18,0,0,1,True
129172,226442,Notbuk ASUS VivoBook 15 X1504VA-BQ140/İ7-1355U/RAM 16GB/SSD 1TB/INTEL IRIS XE (90NB10J1-M04U10),https://www.bakuelectronics.az/mehsul/laptop-asus-vivobook-15-x1504va-bq140-90nb10j1-m04u10i7-1355uram-16gbssd-1tbintel-iris-xe-226442,1989.99,1619.99,370.0,110.56,18,0,0,1,True
129171,226441,Notbuk Lenovo YOGA Slim 7 15ILL9/INTEL ULTRA 7 258V/RAM 32GB/ 1TB G4/INTEL ARC 140V (83HM007QRK),https://www.bakuelectronics.az/mehsul/laptop-lenovo-yoga-slim-7-83hm007qrk-intel-ultra-7-258vram-32gb-1tb-g4intel-arc-140vw-11-home-226441,3989.99,3239.99,750.0,221.67,18,0,0,1,True
129170,226440,Notbuk Lenovo IdeaPad Slim 3 15AMN8 15.6-inch/FHD /R5-7520U 16GB / 512GB G4/AMD RADEON 610M (82XQ00JPRK),https://www.bakuelectronics.az/mehsul/laptop-lenovo-ideapad-siim-3-15amn8-82xq00jprk156-fhd-r5-7520u-16gb-512gb-g4amd-radeon-610m-226440,1149.99,999.99,150.0,63.89,18,0,0,8,False
129169,226439,Noutbuk Lenovo V14 G5 IRL 14-inch/ FHD IPS/I7-13620H/RAM 16GB/512GB G4/INTEL UHD GRAPHICS (83GU0086FW),https://www.bakuelectronics.az/mehsul/laptop-lenovo-v14-g5-irl-83gu0086fw14-fhd-ipsi7-13620hram-16gb-512gb-g4intel-uhd-graphics-226439,1919.99,1559.99,360.0,106.67,18,0,0,1,True
129162,226430,"Notbuk HP 15-FD0312CI/CORE 5 120U/16GB DDR5, 5200/1TB (D15ZREA)",https://www.bakuelectronics.az/mehsul/notebook-hp-15-fd0312ci-core-5-120u16-gb-ddr5-52001tb-226430,1549.99,1349.99,200.0,225,6,0,0,21,False
129160,226428,"Notbuk HP 15-FD0066CI 15.6-inch /İntel Core 5 120U/16GB DDR5, 5200/512GB/FHD IPS/White (D15ZQEA)",https://www.bakuelectronics.az/mehsul/notebook-hp-15-fd0066ci-intel-core-5-120u16-gb-ddr5-5200512gbfhd-ips-1920-x-1080-156-226428,1449.99,1299.99,150.0,216.66,6,0,0,27,False
129158,226426,Nobutk HP Victus Gaming 15-fa2115ci 15.6- inch/intel core i5- 13420H/16GB DDR5/512GB/RT 5050/8GB GDDR7 (CD8A7EA),https://www.bakuelectronics.az/mehsul/notebook-hp-victus-gaming-15-fa2115ci-intel-core-i5-13420h16-gb-ddr5512gbrt-5050-8-gb-gddr715-226426,2899.99,2499.99,400.0,416.66,6,0,0,23,False
129138,226405,Notbuk MSI Cyborg 17 B13WGKG-237XAZ/I7-13620H/RAM16GB DDR5/SSD1TB G4/17.3 FHD IPS/144HZ/RTX5070 8GB (9S7-17U332-237),https://www.bakuelectronics.az/mehsul/notebook-msi-cyborg17-b13wgkg-237xazi7-13620hram16gb-ddr5ssd1tb-g4173-fhd-ips144hzrtx5070-8gb-226405,3799.99,3049.99,750.0,508.33,6,0,0,7,False
129137,226404,Notbuk Lenovo Yoga Slim 7 14AKP10/RYZEN AI7 350/32GB DDR5X/1TB SSD G4/ 14 2.8K OLED/AMD RADEON860M/Tidal Teal (83JY007URK),https://www.bakuelectronics.az/mehsul/notebook-lenovo-yoga-slim-7-14akp10ryzen-ai7-35032gb-ddr5x1tb-ssd-g4-14-28k-oledamd-radeon860m-226404,2999.99,2499.99,500.0,416.66,6,0,0,2,False
129136,226403,Notbuk ASUS TUF Gaming F16 FX607VJB-RL103 /Core5 210H/16GB/512GB SSD/16.0/RTX3050 6GB/Mecha Gray (90NR0MZ6-M005K0),https://www.bakuelectronics.az/mehsul/notebook-asus-tuf-gaming-core-5-210h-16gb512gb-ssd160rtx3050-6gbmecha-gray-226403,2199.99,1849.99,350.0,308.33,6,0,0,10,False
129129,226396,Notbuk ASUS ROG Zephyrus G14 GA403UV (90NR0I02-M003W0),https://www.bakuelectronics.az/mehsul/notebook-asus-rog-strix-g614ph-rv044-r9-8940hx16gb1tbnvidia-geforce-rtx-5050160eclipse-gray-226396,3799.99,3199.99,600.0,211.11,18,0,0,15,False
129127,226394,Notbuk Asus TUF Gaming A16 FA608UP-RV036 (90NR0KT1-M004Y0),https://www.bakuelectronics.az/mehsul/notebook-asus-tuf-gaming-fa608up-rv03616-fhdryzen-7-260u16gb1tbnvidia-geforce-rtxtm-5070-8gb-226394,4299.99,3699.99,600.0,616.66,6,0,0,13,False
129121,226388,Notbuk ASUS VivoBook V16 V3607VH-RP020 (90NB16L1-M003C0),https://www.bakuelectronics.az/mehsul/notbuk-asus-vivobook-v16-v3607vh-rp020-90nb16l1-m003c0-226388,3189.99,2349.99,840.0,177.22,18,0,0,1,True
129120,226387,Notbuk ASUS TUF Gaming A16 FA608UM-RV053 (90NR0KV1-M005H0),https://www.bakuelectronics.az/mehsul/notbuk-asus-tuf-a16-fa608um-rv053-90nr0kv1-m005h0-226387,4329.99,3099.99,1230.0,516.66,6,0,0,1,True
128511,225629,Notbuk Lenovo V15 G4 AMN/15.6-inch/FHD (1920X1080) IPS/R5 7520U/16GB/512GB/FreeDos/Black (82YU0173RK),https://www.bakuelectronics.az/mehsul/notebook-lenovo-v15-g4-amn156-fhd-1920x1080-ipsr5-7520u16gb512gbfreedosblack-225629,1299.99,1089.99,210.0,72.22,18,0,0,1,True
128510,225628,Notbuk Lenovo IdeaPad Slim 3 15IAN8/15.6-inch/FHD (1920X1080)IPS/INTEL N100/8GB/512GB/FreeDos/Grey (82XB00HBRK),https://www.bakuelectronics.az/mehsul/notebook-lenovo-ip-slim-3-15ian8156-fhd-1920x1080ipsintel-n1008gb512gbfreedosgrey-225628,749.99,629.99,120.0,105,6,0,0,8,False
128496,225613,Nobuk Lenovo LOQ 15IRX9 15.6-inch/FHD (1920X1080) IPS 300NITS/I5-13450HX/16GB/512GB/RTX 4050 6GB/Grey (83DV01CGRK),https://www.bakuelectronics.az/mehsul/notebook-lenovo-loq-15irx9156-fhd-1920x1080-ips-300nitsi5-13450hx16gb512gbrtx-4050-6gbgrey-225613,2399.99,1949.99,450.0,325,6,0,0,32,False
128432,225548,"Notbuk Dell 14 Plus 2-in-1 Laptop DB04250/ULTRA 5 226V/16GB/512GB/14.0"" 1920X1200/TOUCH/BLUE/W11PRO (210-BPMW-U5)",https://www.bakuelectronics.az/mehsul/notebook-dell-14-plus-2-in-1-db04250ultra-5-226v16gb512gb140-1920x1200touchbluew11pro-225548,3199.99,2799.99,400.0,466.66,6,0,0,2,False
128367,225483,"Notbuk ASUS ExpertBook P3 PM3606CKA-PL0325 16-inch/QHD+ IPS, 144HZ/RYZEN AI 7 350/64GB/1TB/AMD RADEON 860M (90NX0981-M00BC0)",https://www.bakuelectronics.az/mehsul/notebook-asus-16-qhd-ips-144hzryzen-ai-7-35064gb1tbamd-radeon-860m-225483,3249.99,2899.99,350.0,483.33,6,0,0,1,True
128365,225481,Notbuk ASUS ExpertBook P1 P1503CVA-S72068 15.6-inch/FHD IPS/INTEL 7 240H/16GB/512GB/İntel Graphics (90NX0881-M02W80),https://www.bakuelectronics.az/mehsul/notebook-asus-156-fhd-ipsintel-7-240h16gb512gbintel-graphics-225481,1799.99,1619.99,180.0,270,6,0,0,1,True
128364,225480,Notbuk ASUS ExpertBook B5 B5405CCA-LY0135 14- inch/FHD+ IPS/INTEL ULTRA 7 255H/16GB/1TB/İntel ARC Graphics (90NX08I1-M004K0),https://www.bakuelectronics.az/mehsul/notebook-asus-14-fhd-ipsintel-ultra-7-255h16gb1tbintel-arc-graphics-225480,2499.99,2199.99,300.0,366.66,6,0,0,1,True
128363,225479,Notbuk ASUS ExpertBook B3 B3605CCA-MB0080 16-inch/WUXGA IPS/INTEL ULTRA 7 255H/16GB/1TB/İntel Graphics (90NX08N1-M00340),https://www.bakuelectronics.az/mehsul/notebook-asus-16-wuxga-ipsintel-ultra-7-255h16gb1tbintel-graphics-225479,2349.99,2099.99,250.0,350,6,0,0,1,True
128362,225478,Notbuk Lenovo ThinkPad T14 Gen 6 14-inch/ WUXGA IPS/INTEL ULTRA 7 255U/32GB/1TB/İntel Graphics (21QC006HFW),https://www.bakuelectronics.az/mehsul/notebook-lenovo-14-wuxga-ipsintel-ultra-7-255u32gb1tbintel-graphics-225478,3699.99,3219.99,480.0,205.56,18,0,0,1,True
128361,225477,Notbuk Lenovo ThinkBook 16 G8 IAL 16-inch /WUXGA IPS/İntel Ultra 5 225U/16GB/512GB/Intel Graphics (21SK007VRT),https://www.bakuelectronics.az/mehsul/notebook-lenovo-16-wuxga-ipsintel-ultra-5-225u16gb512gbintel-graphics-225477,1999.99,1799.99,200.0,300,6,0,0,1,True
128092,225216,"Notbuk ASUS ExpertBook P1 P1503CVA-S72534/ 15.6"" FHD IPS/INTEL 7 240H/RAM 32GB DDR5/SSD 1TB G4/İntel Graphics (90NX0881-M02WE0)",https://www.bakuelectronics.az/mehsul/notebook-asus-expertbook-156-fhd-ipsintel-7-240hram-32gb-ddr5ssd-1tb-g4intel-graphics-225216,2499.99,1999.99,500.0,333.33,6,0,0,4,False
128091,225215,Notbuk Lenovo IdeaPad 5 2-in-1 14IRH9/14-inch/TOUCH WUXGA OLED/I7-13620H/16GB/512GB/UHD GRAPHICS (83KX006VRK),https://www.bakuelectronics.az/mehsul/notebook-lenovo-ideapad-5-2-in-1-14irh9-14-touch-wuxga-oledi7-13620h16gb512gbuhd-graphics-225215,2199.99,1849.99,350.0,308.33,6,0,0,10,False
128090,225214,Notbuk ASUS ROG Strix G18 G815JHR-S8021/18 FHD+IPS 144HZ/I7 14650HX/16GB/1TB/RTX 5050 8GB (90NR0LA1-M000U0),https://www.bakuelectronics.az/mehsul/notebook-asus-rog-strix-g18-g815jhr-s8021-18-fhdips-144hzi7-14650hx16gb1tbrtx-5050-8gb-225214,4199.99,3599.99,600.0,233.33,18,0,0,5,False
127891,225014,Notbuk ASUS Vivobook V16 V3607VH-RP017/U5 210H/16GB/1TB/RTX 5050/NOOS/Black (90NB16L1-M003E0),https://www.bakuelectronics.az/mehsul/notebook-asus-vivobook-v3607vh-rp017-u5-210h16gb1tbrtx-5050noosblack16-225014,2699.99,2299.99,400.0,383.33,6,0,0,6,False
127890,225013,Notbuk ASUS Zenbook 14 OLED 3K/120HZ/INTEL ULTRA 9 285H/32GB/1TB/INTEL ARC GRAPHICS (90NB14W2-M00YZ0),https://www.bakuelectronics.az/mehsul/notebook-asus-zenbook-14-3k-oled-120hzintel-ultra-9-285h32gb1tbintel-arc-graphics-225013,3599.99,3099.99,500.0,516.66,6,0,0,6,False
127889,225012,Notbuk HUAWEI MateBook 14 /U7 16G 1T (53014HYC),https://www.bakuelectronics.az/mehsul/notebook-huawei-matebook-14-u7-16g-1t-225012,2599.99,2299.99,300.0,144.44,18,0,0,11,False
127888,225011,Notbuk Acer Nitro V16 AI ANV16-42-R309/180HZ/RYZEN 5 240/RTXT 5050 8GB/16GB/512GB/Black (NH.U2NAA.001),https://www.bakuelectronics.az/mehsul/notebook-acer-nitro-anv16-42-r309180hzryzen-5-240rtxt-5050-8gb16gb512gbblackwin11-225011,2599.99,2049.99,550.0,341.66,6,0,0,15,False
127887,225010,"Notbuk ASUS TUF Gaming F16 I7-14650HX 16GB/1TB/RTX 5050/16""/1920X1200/FREEDOS/Gray (90NR0NA1-M001T0)",https://www.bakuelectronics.az/mehsul/notebook-asus-tuf-gaming-i7-14650hx-16gb1tbrtx-5050161920x1200freedosgray-225010,3499.99,2849.99,650.0,475,6,0,0,22,False
127636,224759,"Notbuk HP Victus  I5-13420H/16GB/512GB/RTX 4050 6GB/15.6"" Silver (B5EQ3UA)",https://www.bakuelectronics.az/mehsul/notebook-hp-victus-i5-13420h16gb512gbrtx-4050-6gb156-fhdipswin11sl-224759,2299.99,1899.99,400.0,316.66,6,0,0,6,False
127635,224758,Notbuk ASUS Vivobook X1404VA-NK468 I3-1315U 8GB/512GB/14/1920 X 1080/BL/DOS/INTEL HD GRAPHICS (90NB10I1-M015F0),https://www.bakuelectronics.az/mehsul/notebook-asus-vivobook-x1404va-nk468-i3-1315u-8gb512gb141920-x-1080bldosintel-hd-graphics-224758,999.99,829.99,170.0,138.33,6,0,0,57,False
127551,224671,Notbuk ASUS Zenbook A14/WUXGA/OLED/SNAPDRAGON X X1 26 100 PROCESSOR/16GB/512GB/Beige (90NB1501-M00RM0),https://www.bakuelectronics.az/mehsul/notebook-asus-zenbook-14wuxgaoledsnapdragon-x-x1-26-100-processor16gb512gbbeige-224671,3109.99,2499.99,610.0,416.66,6,0,0,1,True
127550,224670,Notbuk ASUS Zenbook  A14/WUXGA/OLED/SNAPDRAGON X X1 26 100/16GB/512GB/QUALCOMM ADRENO GPU/Gray (90NB1502-M00TB0),https://www.bakuelectronics.az/mehsul/notebook-asus-zenbook-14wuxgaoledsnapdragon-x-x1-26-10016gb512gbqualcomm-adreno-gpugray-224670,3089.99,2499.99,590.0,416.66,6,0,0,1,True
127549,224669,Notbuk ASUS Zenbook 14/OLED TOUCH ULTRA 5 225H/16GB/512GB/Silver (90NB14W4-M00T90),https://www.bakuelectronics.az/mehsul/notebook-asus-zenbook-14oled-touch-ultra-5-225h16gb512gbsilver-224669,2699.99,2189.99,510.0,365,6,0,0,15,False
127548,224668,Notbuk ASUS Vivobook S14/FHD/U7 255H/16GB/1TB/Silver (90NB16J1-M006F0),https://www.bakuelectronics.az/mehsul/notebook-asus-vivobook-s-14fhdu7-255h16gb1tbsilver-224668,2399.99,1999.99,400.0,333.33,6,0,0,3,False
127547,224667,Notbuk ASUS Vivobook S16/I7-13620H/16GB/1TB/Silver (90NB1671-M004V0),https://www.bakuelectronics.az/mehsul/notebook-asus-vivobook-16i7-13620h16gb1tbsilver-224667,2319.99,1959.99,360.0,326.66,6,0,0,1,True
127546,224666,Notbuk ASUS VivoBook S16 /ULTRA 5 225H/16GB/512GB/Gray (90NB16I2-M007M0),https://www.bakuelectronics.az/mehsul/notebook-asus-vivobook-16ultra-5-225h16gb512gbgray-224666,2309.99,1959.99,350.0,326.66,6,0,0,1,True
127545,224665,Notbuk ASUS Vivobook S14 /ULTRA 5 225H/16GB/512GB/Silver (90NB16J1-M006T0),https://www.bakuelectronics.az/mehsul/notebook-asus-vivobook-s-14ultra-5-225h16gb512gbsilver-224665,1899.99,1699.99,200.0,283.33,6,0,0,5,False
127544,224664,Notbuk Asus VivoBook S14 S3407CA-LY013 /ULTRA 5 225H/16GB/512GB/Silver (90NB16J2-M006R0),https://www.bakuelectronics.az/mehsul/notebook-asus-vivobook-16ultra-5-225h16gb512gbsilver-224664,2199.99,1859.99,340.0,310,6,0,0,1,True
127543,224663,Notbuk ASUS Vivobook 16/CORE 5 120H/16GB/512GB/Silver (90NB1671-M007N0),https://www.bakuelectronics.az/mehsul/notebook-asus-vivobook-16core-5-210h16gb512gbsilver-224663,1939.99,1649.99,290.0,275,6,0,0,1,True
127540,224660,Notbuk ASUS Vivobook 15.6/FHD/U5-120U/8GB/512GB/INTEL IRIS XE/Blue (90NB13Y1-M012J0),https://www.bakuelectronics.az/mehsul/notebook-asus-vivobook-156fhdu5-120u8gb512gbintel-iris-xeblue-224660,1469.99,1199.99,270.0,200,6,0,0,1,True
127538,224658,"Notbuk ASUS Vivobook Go 15,6/FHD/RYZEN 5 7520U/8GB/512GB/Silver (90NB0ZR1-M023C0)",https://www.bakuelectronics.az/mehsul/notebook-asus-vivobook-go-156fhdryzen-5-7520u8gb512gbsilver-224658,1149.99,999.99,150.0,166.66,6,0,0,1,True
127537,224657,"Notbuk ASUS Vivobook Go E1504FA-BQ2536 /15,6FHD/RYZEN 5 7520U/8GB/512GB/Silver (90NB0ZR1-M04600)",https://www.bakuelectronics.az/mehsul/notebook-asus-vivobook-go-156fhdryzen-5-7520u8gb512gbsilver-224657,1259.99,1069.99,190.0,178.33,6,0,0,1,True
127535,224655,Notbuk HP OmniBook 5 Flip 2-in-1 Laptop /14-inch 2K TOUCH/INTEL CORE 7 SERIES 1/16GB/512GB/INTEL/WIN11/Silver (B86Q7UA),https://www.bakuelectronics.az/mehsul/notebook-hp-omnibook-5-flip-laptop-14-2k-touchintel-core-7-series-116gb512gbintelwin11slv-224655,2099.99,1899.99,200.0,316.66,6,0,0,8,False
127534,224654,"Notbuk HP OmniBook 5 Flip 2in1 14-FP0013DX 14"" 2K TOUCH/CORE 5 120U/8GB/512GB/INTEL GRAPHICS/WIN11/Silver (B5UJ3UA)",https://www.bakuelectronics.az/mehsul/notebook-hp-omnibook-5-flip-14-fp0013dx-14-2k-touchcore-5-120u8gb512gbintel-graphicswin11slv-224654,1699.99,1449.99,250.0,241.66,6,0,0,11,False
127510,224629,Notbuk ASUS TUF Gaming F16/I5-14450HX/RTX 5050 8GB/16GB/Gray (90NR0NA1-M004U0),https://www.bakuelectronics.az/mehsul/notebook-asus-tuf-gaming-f16i5-14450hxrtx-5050-8gb16gbgray-224629,3349.99,2719.99,630.0,453.33,6,0,0,1,True
127509,224628,Notbuk ASUS TUF Gaming A16/RYZEN 7 7445HS/16GB/512GB/RTX 4050 6GB/Gray (90NR0MU3-M00C80),https://www.bakuelectronics.az/mehsul/notebook-asus-tuf-gaming-a16ryzen-7-7445hs16gb512gbrtx-4050-6gbgray-224628,2399.99,2099.99,300.0,350,6,0,0,2,False
127508,224627,Notbuk ASUS VivoBook 15 / X1502VA-BQ982/I7-13620H Processor 2.4 GHZ/16GB/512GB/Cool Silver (90NB10T2-M01AZ0),https://www.bakuelectronics.az/mehsul/notebook-asus-vivobook-15-x1502va-bq982i7-13620h-processor-24-ghz16gb512gbcool-silver-224627,1649.99,1399.99,250.0,233.33,6,0,0,5,False
127503,224622,"Notbuk Lenovo IdeaPad 5  2in1 14IRH9 /14"" Touch Wuxga IPS/I5-13420H/16GB/512GB/UHD GRAPHICS (83KX006XRK)",https://www.bakuelectronics.az/mehsul/notebook-lenovo-ideapad-5-2-in-1-14irh914-touch-wuxga-ipsi5-13420h16gb512gbuhd-graphics-224622,1799.99,1599.99,200.0,266.66,6,0,0,15,False
127100,224109,Notbuk Lenovo Legion 5 15AHP10 /Ryzen 7 260/32GB/512GB/RTX 5060 8GB/15.1/ QHD+(2560X1600)OLED/DOS/Black,https://www.bakuelectronics.az/mehsul/notebook-lenovo-legion-5-15ahp10-ryzen-7-26032gb512gbrtx-5060-8gb151qhd2560x1600oleddosbk-224109,3699.99,3099.99,600.0,516.66,6,0,0,4,False
126865,223877,"Notbuk Lenovo IdeaPad 5 2in1 14IRU9/14"" WUXGA OLED/M-TOUCH/U7 150U/16GB/1TB/DOS/PEN/GREY (83DT0076RK)",https://www.bakuelectronics.az/mehsul/notebook-lenovo-ideapad-5-2-in-1-14iru914-wuxga-oledm-touchcore-7-150u16gb1tbdospengrey-223877,2499.99,2049.99,450.0,341.66,6,0,0,4,False
126848,223860,"Notbuk Lenovo LOQ 15ARP9/R5-7235HS/16GB/ 512GB/RTX 4050 6GB/ 15.6"""" FHD IPS,144HZ/DOS/ Grey (83JC00LBRK)",https://www.bakuelectronics.az/mehsul/notebook-lenovo-loq-15arp9r5-7235hs16gb-512gbrtx-4050-6gb-156-fhd-ips144hzdosgrey-223860,2399.99,1899.99,500.0,316.66,6,0,0,2,False
126844,223856,Apple MacBook Pro 14 M5 chip with 10-core CPU/10‑core GPU/16GB/1TB SSD/Space Black (MDE14RU/A),https://www.bakuelectronics.az/mehsul/14-inch-macbook-pro-apple-m5-chip-with-10core-cpu-and-10core-gpu-16gb-1tb-ssd-space-black-223856,4999.99,4499.99,500.0,750,6,0,0,9,False
126843,223855,"Apple MacBook Pro 14 M5 chip with 10-core CPU/10‑core GPU, 16GB, 1TB SSD /Silver (MDE54RU/A)",https://www.bakuelectronics.az/mehsul/14-inch-macbook-pro-apple-m5-chip-with-10core-cpu-and-10core-gpu-16gb-1tb-ssd-silver-223855,4999.99,4499.99,500.0,750,6,0,0,2,False
126842,223852,"Apple MacBook Pro 14 M5 chip with 10-core CPU/10‑core GPU, 16GB, 512GB SSD/ Silver (MDE44RU/A)",https://www.bakuelectronics.az/mehsul/14-inch-macbook-pro-apple-m5-chip-with-10core-cpu-and-10core-gpu-16gb-512gb-ssd-silver-223852,4499.99,3999.99,500.0,250,18,0,0,7,False
126836,223846,"Notbuk HP OMEN MAX Gaming /16""/16-AH0019CI/U9-275HX (24C) 13 NPU TOPS/64GB/2TB/RTX 5090 24GB/DOS (BK9Z2EA)",https://www.bakuelectronics.az/mehsul/notebook-hp-omen-max-gaming-1616-ah0019ciu9-275hx-24c-13-npu-tops64gb2tbrtx-5090-24gbdos-223846,9999.99,8599.99,1400.0,1433.33,6,0,0,2,False
126835,223845,Notbuk HP Victus Gaming Laptop 15-FA2094CI/İntel Core 7 - 240H (10C)/16GB/1TB/RTX 5060 8GB/15.6 FHD/DOS (BZ2X8EA),https://www.bakuelectronics.az/mehsul/notebook-hp-victus-gaming-15-fa2094ciintel-core-7-240h-10c16gb1tbrtx-5060-8gb156-fhddos-223845,3399.99,2999.99,400.0,500,6,0,0,4,False
126833,223843,"Apple MacBook Pro 16 M4 Max chip with 16-core CPU/40‑core GPU/48GB, 1TB SSD - Silver (MX2W3RU/A)",https://www.bakuelectronics.az/mehsul/16-inch-macbook-pro-apple-m4-max-chip-with-16core-cpu-and-40core-gpu-48gb-1tb-ssd-silver-223843,10999.99,9779.99,1220.0,1630,6,0,0,1,False
126832,223842,Notbuk ASUS V16 Vivobook V3607VU-RP148/ULTRA 5-210H/16GB/512GB/RTX 4050 6GB/16.0/Black (90NB15Q1-M00R60),https://www.bakuelectronics.az/mehsul/notebook-asus-vivobook-v3607vu-rp148ultra-5-210h16gb512gbrtx-4050-6gb160black-223842,2919.99,2379.99,540.0,396.66,6,0,0,1,True
126830,223840,"Notbuk Acer Nitro 5  ANV15-51/15.6"" FHD IPS 165HZ/İntel Core I7-13620H/RTX 4050/16GB/1024GB (NH.QNBER.006)",https://www.bakuelectronics.az/mehsul/notebook-acer-anv15-51156-fhd-ips-165hzintel-core-i7-13620hrtx-405016gb1024gb-223840,2899.99,2299.99,600.0,383.33,6,0,0,7,False
126487,223567,"Notbuk Lenovo Legion 9 18IAX10/ULTRA 9 275HX/64GB/4TB/RTX 5080 16GB/18"" WQUXGA/3840X2400/IPS (83EY0029RK)",https://www.bakuelectronics.az/mehsul/notebook-lenovo-legion-9-18iax10ultra-9-275hx64gb4tbrtx-5080-16gb18-wquxga-3840x2400-ips-223567,10999.99,9599.99,1400.0,1600,6,0,0,2,False
126486,223566,"Notbuk Lenovo IdeaPad Slim 3 15IRH10 I7-13620H/3.6GHZ/16GB/1TB/1920X1200/15.3"" WUXGA (83K100RFRK)",https://www.bakuelectronics.az/mehsul/notebook-lenovo-ideapad-slim-3-15irh10-i7-13620h36ghz16gb1tb153-wuxga-1920x1200-223566,1799.99,1549.99,250.0,258.33,6,0,0,25,False
126457,223535,"Notbuk ASUS ROG Strix G16 G614PR-RV007 16"" FHD+ IPS, 165HZ/R9-8940HX/16GB/1TB/RTX 5070TI 12GB (90NR0NJ7-M00080)",https://www.bakuelectronics.az/mehsul/notebook-asus-rog-strix-g16-g614pr-rv007-16-fhd-ips-165hzr9-8940hx16gb1tbrtx-5070ti-12gb-223535,4999.99,4289.99,710.0,277.78,18,0,0,1,True
126456,223534,"Notbuk ASUS ROG Strix G16 G614FM-S5076 16"" 2.5K IPS, 240HZ/R9-9955HX/32GB/1TB/RTX 5060 8GB (90NR0L17-M003E0)",https://www.bakuelectronics.az/mehsul/notebook-asus-rog-strix-g16-g614fm-s5076-16-25k-ips-240hzr9-9955hx32gb1tbrtx-5060-8gb-223534,4699.99,3999.99,700.0,666.66,6,0,0,4,False
126455,223533,"Notbuk ASUS ROG Strix G16 G614FM-S5031 16"" 2.5K IPS, 240HZ/R9-9955HX/16GB/1TB/RTX 5060 8GB (90NR0L17-M002B0)",https://www.bakuelectronics.az/mehsul/notebook-asus-rog-strix-g16-g614fm-s5031-16-25k-ips-240hzr9-9955hx16gb1tbrtx-5060-8gb-223533,4599.99,3859.99,740.0,643.33,6,0,0,1,True
126453,223531,"Notbuk MSI Vector 17 HX AI A2XWJG-223AZ 17"" QHD+ IPS/ULTRA 9 275HX/32GB/2TB/RTX 5090 24GB/W11 (9S7-17S372-223)",https://www.bakuelectronics.az/mehsul/notebook-msi-vector-17-hx-ai-a2xwjg-223az-17-qhd-ipsultra-9-275hx32gb2tbrtx-5090-24gbw11-223531,10729.99,8709.99,2020.0,1451.66,6,0,0,1,True
126451,223529,"Notbuk Lenovo LOQ 15AHP10 15.6"" WQHD IPS, 165HZ/RYZEN 7 250/16GB/512GB/RTX 5060 8GB (83JG007WRK)",https://www.bakuelectronics.az/mehsul/notebook-lenovo-loq-15ahp10-156-wqhd-ips-165hzryzen-7-25016gb512gbrtx-5060-8gb-223529,3269.99,2779.99,490.0,463.33,6,0,0,1,True
126450,223528,"Notbuk Lenovo LOQ 15AHP10 15.6"" FHD IPS, 144HZ/RYZEN 5 220/RAM 16GB DDR5/SSD 512GB G4/RTX 5050 8GB (83JG000VRK)",https://www.bakuelectronics.az/mehsul/notebook-lenovo-loq-15ahp10-156-fhd-ips-144hzryzen-5-220ram-16gb-ddr5ssd-512gb-g4rtx-5050-8gb-223528,2929.99,2379.99,550.0,396.66,6,0,0,1,True
126449,223527,"Notbuk ASUS TUF Gaming A14 FA401UH-RG017 14"" 2.5K IPS, 165HZ/RYZEN 7 260/16GB/1TB/RTX 5050 8GB (90NR0KQ1-M000X0)",https://www.bakuelectronics.az/mehsul/notebook-asus-tuf-gaming-a14-fa401uh-rg017-14-25k-ips-165hzryzen-7-26016gb1tbrtx-5050-8gb-223527,3439.99,2799.99,640.0,191.11,18,0,0,1,True
126448,223526,"Notbuk ASUS TUF Gaming F16 FX607VJ-RL005 16"" FHD+ IPS, 144HZ/INTEL 5 210H/16GB/1TB/RTX 3050 6GB (90NR0MZ6-M00050)",https://www.bakuelectronics.az/mehsul/notebook-asus-tuf-gaming-f16-fx607vj-rl005-16-fhd-ips-144hzintel-5-210h16gb1tbrtx-3050-6gb-223526,2359.99,1909.99,450.0,318.33,6,0,0,1,True
126437,223515,"Notbuk ASUS ExpertBook B9 OLED B9403CVAR-PP2269 14"" OLED/Intel 7 150U/32GB/2TB/Intel Graphics (90NX05W1-M035F0)",https://www.bakuelectronics.az/mehsul/notebook-asus-expertbook-b9-oled-b9403cvar-pp2269-14-oledintel-7-150u32gb2tbintel-graphics-223515,4449.99,3609.99,840.0,601.66,6,0,0,1,True
126436,223514,"Notbuk ASUS ExpertBook B5 B5605CCA-PL0070 16"" WQXGA IPS 144HZ/ULTRA 7 255H/16GB/1TB/ARC Graphics (90NX08F1-M002H0)",https://www.bakuelectronics.az/mehsul/notebook-asus-expertbook-b5-b5605cca-pl0070-16-wqxga-ips-144hzultra-7-255h16gb1tbarc-graphics-223514,2889.99,2339.99,550.0,390,6,0,0,1,True
126435,223513,"Notbuk ASUS ExpertBook B5 B5605CCA-PL0073 16"" WQXGA IPS 144HZ/ULTRA 5 225H/16GB/512GB/ARC Graphics (90NX08F1-M002T0)",https://www.bakuelectronics.az/mehsul/notebook-asus-expertbook-b5-b5605cca-pl0073-16-wqxga-ips-144hzultra-5-225h16gb512gbarc-graphics-223513,2489.99,2019.99,470.0,336.66,6,0,0,1,True
126433,223511,"Notbuk Lenovo ThinkPad X9-15 Gen 1 Aura Edition 15.3"" OLED /ULTRA 7 258V/32GB/1TB/INTEL ARC 140V/W11 Pro (21Q6001HRT)",https://www.bakuelectronics.az/mehsul/notebook-lenovo-thinkpad-x9-15-gen-1-153-oled-ultra-7-258v32gb1tbintel-arc-140vw11-pro-223511,5499.99,4599.99,900.0,766.66,6,0,0,1,True
126431,223509,"Notbuk Lenovo ThinkPad T14S GEN 6 14"" WUXGA IPS/SNPDRGN X PLUS X1P-42-100/16GB/512GB/ADRNO/W11 Pro (21N1002ART)",https://www.bakuelectronics.az/mehsul/notebook-lenovo-thinkpad-t14s-gen-6-14-wuxga-ipssnpdrgn-x-plus-x1p-42-10016gb512gbadrnow11-pro-223509,4399.99,3639.99,760.0,606.66,6,0,0,1,True
126430,223508,"Notbuk Lenovo ThinkPad T14S Gen 6 14"" WUXGA IPS/INTEL ULTRA 7 255U/16GB/1TB/İntel Graphics(21R1005SFW)",https://www.bakuelectronics.az/mehsul/notebook-lenovo-thinkpad-t14s-gen-6-14-wuxga-ipsintel-ultra-7-255u16gb1tbintel-graphics-223508,3669.99,3059.99,610.0,510,6,0,0,1,True
126428,223506,"Notbuk Lenovo ThinkBook 16 G7 ARP 16"" WUXGA IPS/R7-7735HS/16GB/512GB/AMD RADEON 680M (21MW002CRU)",https://www.bakuelectronics.az/mehsul/notebook-lenovo-thinkbook-16-g7-arp-16-wuxga-ipsr7-7735hs16gb512gbamd-radeon-680m-223506,1839.99,1529.99,310.0,255,6,0,0,1,True
126427,223505,"Notbuk Asus VivoBook 18 M1807HA-S8055 18"" WUXGA IPS, 144HZ/RYZEN 7 260/32GB/1TB/AMD RADEON (90NB15P1-M002R0)",https://www.bakuelectronics.az/mehsul/notebook-asus-vivobook-18-m1807ha-s8055-18-wuxga-ips-144hzryzen-7-26032gb1tbamd-radeon-223505,2449.99,2129.99,320.0,355,6,0,0,1,True
126425,223503,Notbuk Lenovo IdeaPad Slim 5 14IRH10R /14/WUXGA OLED/INTEL 5 210H/16GB/512GB/Intel Graphics (83J0006NRK),https://www.bakuelectronics.az/mehsul/notebook-lenovo-ideapad-slim-5-14irh10r-14-wuxga-oledintel-5-210h16gb512gbintel-graphics-223503,1699.99,1399.99,300.0,233.33,6,0,0,1,False
126424,223502,Notbuk Asus ROG Strix G16 G614PM-S5079 /Ryzen 9 8940HX/16GB/1TB/RTX 5060 8GB (90NR0KW7-M004B0),https://www.bakuelectronics.az/mehsul/notebook-asus-rog-strix-g16-g614pm-s5079-ryzen-9-8940hx16gb1tbrtx-5060-8gb-223502,4799.99,3899.99,900.0,650,6,0,0,1,True
126422,223500,Notbuk ASUS Zenbook S16 OLED UM5606RK282W RYZEN 9 365/24GB/1TB/RADEON GRAPHICS/W11 (90NB13M2-M00H40),https://www.bakuelectronics.az/mehsul/notebook-asus-zenbook-um5606rk282w-ryzen-9-36524gb1tbradeon-graphicsw11-223500,4759.99,3879.99,880.0,646.66,6,0,0,1,True
126421,223499,Notbuk ASUS Zenbook S16 OLED UM5606WA-RK252W Ryzen 9 365/24GB/1TB/Radeon Graphics W11 (90NB13M2-M00DV0),https://www.bakuelectronics.az/mehsul/notebook-asus-zenbook-um5606wa-rk252w-ryzen-9-36524gb1tbradeon-graphicsw11-223499,4759.99,3879.99,880.0,646.66,6,0,0,1,True
126416,223494,Notbuk HP EliteBook 660 G11/U7-165U/16/16GB/512GB/Intel Graphics /W11 Pro (9Y7D6ET),https://www.bakuelectronics.az/mehsul/notebook-hp-eb660g11-u7-165u-16-16gb512gbintel-graphicsw11-pro-223494,3649.99,3009.99,640.0,501.66,6,0,0,1,True
126414,223492,Notbuk HP Victus Gaming Laptop 16-r1060ci I5-14450HX/16GB/512GB/RTX 4060 8GB/DOS (A9MX4EA),https://www.bakuelectronics.az/mehsul/notebook-victus-gaming-laptop-16-r1060ci-i5-14450hx16gb512gbrtx-4060-8-gbdos-223492,3499.99,2839.99,660.0,473.33,6,0,0,1,True
126413,223491,Notbuk HP EliteBook 660 G11/U5-135H 16GB/512GB/INTEL GRAPHICS/DOS (A37W0ET),https://www.bakuelectronics.az/mehsul/notebook-hp-elitbook-eb660-g11-u5-135h-16gb512gbintel-graphicsdos-223491,3369.99,2739.99,630.0,456.66,6,0,0,1,True
126412,223490,Notbuk HP EliteBook 660 G11 /U5-135U/16/6GB/512GB/INTEL GRAPHICS/W11 Pro (9Y7D5ET),https://www.bakuelectronics.az/mehsul/notebook-hp-eb660g11-u5-135u-16-16gb512gbintel-graphicsw11-pro-223490,3189.99,2539.99,650.0,423.33,6,0,0,1,True
126410,223488,Notbuk EliteBook 6 G1iR 16/U5-220U/16GB/512GB/INTEL GRAPHICS/W11 Pro (A37N7ET),https://www.bakuelectronics.az/mehsul/notebook-hp-eb6g1ir16-u5-220u-16-16gb512gbintel-graphicsw11-pro-223488,3029.99,2449.99,580.0,408.33,6,0,0,1,True
126409,223487,Notbuk HP EliteBook 6 G1iR 14/U5-220U/16GB/512GB/IRIS XE/DOS (A37MSET),https://www.bakuelectronics.az/mehsul/notebook-hp-eb6g1ir14-u5-220u-14-16gb512gbiris-xedos-223487,3019.99,2429.99,590.0,405,6,0,0,1,True
126407,223485,Notbuk HP ProBook 460 G11 U5-125H 16 16GB/1TB/ARC GRAPHICS/DOS (AD1X2ET),https://www.bakuelectronics.az/mehsul/notebook-hp-pb460g11-u5-125h-16-16gb1tbarc-graphicsdos-223485,2979.99,2399.99,580.0,400,6,0,0,1,True
126404,223482,Notbuk HP EliteBook 6 G1i 14 U7 255U 14 16GB/512GB/INTEL GRAPHICS/DOS (A37PLET),https://www.bakuelectronics.az/mehsul/notebook-hp-eb6g1i14-u7-255u-14-16gb512gbintel-graphicsdos-223482,2889.99,2329.99,560.0,388.33,6,0,0,1,True
126403,223481,Notbuk HP OmniBook 5 Laptop  AI 16-AF1005CI INTEL ULTRA 7 255U/32GB/1TB/INTEL GRAPHICS/DOS (C0DR9EA),https://www.bakuelectronics.az/mehsul/notebook-hp-omnibook-5laptopai-16-af1005ci-intel-ultra-7-255u32gb1tbintel-graphicsdos-223481,2599.99,2249.99,350.0,375,6,0,0,8,False
126402,223480,Notbuk HP EliteBook 860 G11 U5-125U 16 16GB/512GB/ARC GRAPHICS/DOS (B2PW4ES),https://www.bakuelectronics.az/mehsul/notebook-hp-eb860g11-u5-125u-16-16gb512gbarc-graphicsdos-223480,2879.99,2329.99,550.0,388.33,6,0,0,1,True
126401,223479,Notbuk HP Omnibook 5 NGAI 16-AG1011CI RYZEN 7 350/16GB/512GB/RADEON/W11 (C0EE9EA),https://www.bakuelectronics.az/mehsul/notebook-hp-omnibook-5-ngai16-ag1011ci-ryzen-7-35016gb512gbradeonw11-223479,2829.99,2249.99,580.0,375,6,0,0,1,True
126400,223478,Notbuk HP Omnibook 5 Flip 14-FP0004CI I7-150U/24GB/1TB/IRIS XE/DOS (C0EE3EA),https://www.bakuelectronics.az/mehsul/notebook-hp-omnibook-5-flip-14-fp0004ci-i7-150u24gb1tbiris-xedos-223478,2499.99,2149.99,350.0,358.33,6,0,0,5,False
126399,223477,Notbuk HP Omnibook 7 Laptop 16-AZ0006CI INTEL 5 210H/16GB/1TB/INTEL GRAPHICS/DOS (C0EF4EA),https://www.bakuelectronics.az/mehsul/notebook-hp-omnibook-7-laptop16-az0006ci-intel-5-210h16gb1tbintel-graphicsdos-223477,2699.99,2159.99,540.0,360,6,0,0,1,True
126397,223475,Notbuk HP ProBook 4 G1i 16 U7 255U 16 16GB/512GB/INTEL GRAPHICS/DOS (AD2L5ET),https://www.bakuelectronics.az/mehsul/notebook-hp-p4g1i16-u7-255u-16-16gb512gbintel-graphicsdos-223475,2659.99,2159.99,500.0,360,6,0,0,1,True
126396,223474,Notbuk HP ProBook 4 G1i 14 U7 255U 14 16GB/512GB/INTEL GRAPHICS/DOS (AD2M3ET),https://www.bakuelectronics.az/mehsul/notebook-hp-p4g1i14-u7-255u-14-16gb512gbintel-graphicsdos-223474,2649.99,2149.99,500.0,358.33,6,0,0,1,True
126395,223473,Notbuk HP Omnibook 5 Laptop 16-BC1002CI RYZEN 7 8840U/16GB/512GB/RADEON/W11 (C0EF5EA),https://www.bakuelectronics.az/mehsul/notebook-hp-omnibook-5-laptop-16-bc1002ci-ryzen-7-8840u16gb512gbradeonw11-223473,2629.99,2109.99,520.0,351.66,6,0,0,1,True
126390,223468,Notbuk HP EliteBook 6 G1i 14 U5 225U 14 16GB/512GB/INTEL GRAPHICS/DOS (A37PHET),https://www.bakuelectronics.az/mehsul/notebook-hp-eb6g1i14-u5-225u-14-16gb512gbintel-graphicsdos-223468,2549.99,2049.99,500.0,341.66,6,0,0,1,True
126387,223465,Notbuk HP ProBook 465 G11 16 R5-7535U 32GB/1TB/RADEON GRAPHICS/DOS (A38JVET),https://www.bakuelectronics.az/mehsul/notebook-hp-pb465g11-r5-7535u-16-32gb1tbradeon-graphicsdos-223465,2429.99,1969.99,460.0,328.33,6,0,0,1,True
126385,223463,Notbuk Asus Vivobook M3607HA-SH097 RYZEN 7 260/16GB/1TB/RADEON GRAPHICS/DOS (90NB16F1-M00920),https://www.bakuelectronics.az/mehsul/notebook-asus-m3607ha-sh097-ryzen-7-26016gb1tbradeon-graphicsdos-223463,2359.99,1919.99,440.0,320,6,0,0,1,True
126380,223458,Notbuk HP 250R G10 5-120U 15 16GB/512GB/INTEL GRAPHICS/DOS (AD1U0ET),https://www.bakuelectronics.az/mehsul/notebook-hp-250r-g10-5-120u-15-16gb512gbintel-graphicsdos-223458,2229.99,1829.99,400.0,305,6,0,0,1,True
126377,223455,Notbuk HP Laptop AI 14-HC0003CI INTEL ULTRA 5 225U/16GB/1TB/IRIS GRAPHICS/DOS (C0EE5EA),https://www.bakuelectronics.az/mehsul/notebook-hp-laptop-ai-14-hc0003ci-intel-ultra-5-225u16gb1tbiris-graphicsdos-223455,2109.99,1699.99,410.0,283.33,6,0,0,1,True
126376,223454,Notbuk HP Omnibook 5 Laptop 16-BC1004CI RYZEN 5 8540U/8GB/512GB/RADEON/W11 (C16LHEA),https://www.bakuelectronics.az/mehsul/notebook-hp-omnibook-5-laptop16-bc1004ci-ryzen-5-8540u8gb512gbradeonw11-223454,2089.99,1699.99,390.0,283.33,6,0,0,1,True
126375,223453,Notbuk Asus Vivobook S3607CA-SH078 RYZEN 5 220/16GB/512GB/RADEON GRAPHICS (90NB16E2-M00560),https://www.bakuelectronics.az/mehsul/notebook-asus-s3607ca-sh078-ryzen-5-22016gb512gbradeon-graphics-223453,1929.99,1569.99,360.0,261.66,6,0,0,1,True
126372,223450,Notbuk Asus Vivobook S E1504FA-BQ090 RYZEN 5 220/16GB/512GB/AMD (90NB16F2-M009C0),https://www.bakuelectronics.az/mehsul/notebook-asus-vivobook-s-e1504fa-bq090-ryzen-5-22016gb512gbamd-223450,1889.99,1529.99,360.0,255,6,0,0,1,True
126279,223355,"Notbuk Dell 15 DC15250 /I5-1334U/16GB/512GB/15.6"" FHD (1920X1080)/UHD GRAPHICS (210-BRNX-I5-M)",https://www.bakuelectronics.az/mehsul/notebook-dell-15-dc15250-i5-1334u16gb512gb156-fhd-1920x1080uhd-graphics-223355,1499.99,1249.99,250.0,208.33,6,0,0,14,False
126278,223354,Notbuk HP Victus Gaming 15-FA2082CI/I5-210H/16GB/512GB/RTX 5060 8GB/15.6 FHD (1920X1080)/DOS (BZ2X6EA),https://www.bakuelectronics.az/mehsul/notebook-hp-victus-gaming-15-fa2082cii5-210h16gb512gbrtx-5060-8gb156-fhd-1920x1080dos-223354,2999.99,2649.99,350.0,441.66,6,0,0,22,False
126276,223352,Notbuk Asus R7-7435HS/RTX 4050/16GB/512GB/15.6/FHD 1920X1080 (90NR0JP5-M00490),https://www.bakuelectronics.az/mehsul/notebook-asus-r7-7435hsrtx-405016gb512gb156fhd-1920x1080-223352,2399.99,2099.99,300.0,350,6,0,0,2,False
126274,223350,"Notbuk Asus R5-7520U/8GB/512GB/15.6"" FHD (1920 X 1080) 16:9 ASPECT RATIO IPS-LEVEL 60HZ 250 NITS (90NB0ZR1-M023B0)",https://www.bakuelectronics.az/mehsul/notebook-asus-r5-7520u8gb512gb156-fhd-1920-x-1080-169-aspect-ratio-ips-level-60hz-250-nits-223350,1149.99,949.99,200.0,158.33,6,0,0,8,False
126273,223349,"Notbuk Asus Vivobook Go R5-7520U/8GB/512GB/15.6"" FHD (1920 X 1080) 16:9 Aspect Ratio IPS-LEVEL 60HZ 250 NITS (90NB0ZR2-M042F0)",https://www.bakuelectronics.az/mehsul/notebook-asus-r5-7520u8gb512gb156-fhd-1920-x-1080-169-aspect-ratio-ips-level-60hz-250-nits-223349,1149.99,949.99,200.0,158.33,6,0,0,5,False
126272,223348,"Notbuk Acer Nitro Lite NL16-71G /16""IPS 165HZ/ I7-13620H/16 GB/512GB SSD/ RTX 4050/DOS  (NH.DAEER.002)",https://www.bakuelectronics.az/mehsul/notebook-acer-nitro-nl16-71g-16ips-165hz-i7-13620h16-gb512gb-ssd-rtx-4050dos-223348,2499.99,1999.99,500.0,333.33,6,0,0,3,False
126271,223347,"Notbuk Acer Nitro Lite NL16-71G /16""IPS 165HZ/ I5-13420H/16 GB/512GB SSD/ RTX 3050/DOS (NH.DAAER.001)",https://www.bakuelectronics.az/mehsul/notebook-acer-nitro-nl16-71g-16ips-165hz-i5-13420h16-gb512gb-ssd-rtx-3050dos-223347,1949.99,1649.99,300.0,275,6,0,0,4,False
126268,223344,Notbuk Lenovo Thinkpad X1 CARBON GEN 13 AURA EDITION ULTRA 7 255U/16GB/512GB/INTEL/W11 PRO (21NX008NFW),https://www.bakuelectronics.az/mehsul/notebook-lenovo-thinkpad-x1-carbon-gen-13-aura-edition-ultra-7-255u16gb512gbintelw11-pro-223344,5999.99,4999.99,1000.0,833.33,6,0,0,1,True
126267,223343,Notbuk Lenovo Thinkpad T14S GEN 6 Snapdragon X ELITE X1E-78-100/32GB/512GB/INTEL/W11PRO (21N1000DRT),https://www.bakuelectronics.az/mehsul/notebook-lenovo-thinkpad-t14s-gen-6-snapdragon-x-elite-x1e-78-10032gb512gbintelw11pro-223343,4799.99,3999.99,800.0,666.66,6,0,0,1,True
126265,223341,Notbuk Lenovo Thinkpad T14 GEN 6 ULTRA 7 255U/16GB/512GB/INTEL/DOS (21QC006GFW),https://www.bakuelectronics.az/mehsul/notebook-lenovo-thinkpad-t14-gen-6-ultra-7-255u16gb512gbinteldos-223341,3379.99,2999.99,380.0,500,6,0,0,1,True
126264,223340,Notbuk Lenovo Thinkpad E16 GEN 3 ULTRA 7 255H/32GB/512GB/INTEL/WIN11 PRO (21SR004SFW),https://www.bakuelectronics.az/mehsul/notebook-lenovo-thinkpad-e16-gen-3-ultra-7-255h32gb512gbintelwin11-pro-223340,3789.99,3099.99,690.0,516.66,6,0,0,1,True
126262,223338,Notbuk Lenovo Thinkpad E16 GEN 3 ULTRA 7 255H/16GB/512GB/INTEL/DOS (21SR0049FW),https://www.bakuelectronics.az/mehsul/notebook-lenovo-thinkpad-e16-gen-3-ultra-7-255h16gb512gbinteldos-223338,2799.99,2299.99,500.0,155.56,18,0,0,1,True
126260,223336,"Notbuk Lenovo Thinkpad E16 GEN 3 INTEL ULTRA 5 225U/16GB/512GB/INTEL/DOS"" (21SR0048FW)",https://www.bakuelectronics.az/mehsul/notebook-lenovo-thinkpad-e16-gen-3-intel-ultra-5-225u16gb512gbinteldos-223336,2399.99,1999.99,400.0,333.33,6,0,0,1,True
126259,223335,Notbuk Lenovo Thinkpad E14 GEN 7 INTEL CORE I5 210H/16GB/512GB/INTEL/DOS (21T9003WFW),https://www.bakuelectronics.az/mehsul/notebook-lenovo-thinkpad-e14-gen-7-intel-core-i5-210h16gb512gbinteldos-223335,2379.99,1989.99,390.0,331.66,6,0,0,1,True
126240,223316,Notbuk HP UMA I7-1355U REALTEK USBC 440 G10/14 FHD/16GB/512GB/DOS (A38G6ET),https://www.bakuelectronics.az/mehsul/notebook-hp-uma-i7-1355u-realtek-usbc-440-g1014-fhd16gb512gbdos-223316,2509.99,2019.99,490.0,336.66,6,0,0,1,True
126239,223315,Notbuk HP UMA I7-1355U REALTEK USBC 440 G10/14 FHD/16GB/512GB/DOS (A38G9ET),https://www.bakuelectronics.az/mehsul/notebook-hp-uma-i7-1355u-realtek-usbc-440-g1014-fhd16gb512gbdos-223315,2329.99,1869.99,460.0,311.66,6,0,0,1,True
126129,223206,"Notbuk Asus Vivobook 15 X1504VA-BQ590/15.6"" FHD IPS/INTEL 5 120U/16GB/512GB/INTEL GRAPHICS/BLUE (90NB13Y1-M00X700",https://www.bakuelectronics.az/mehsul/notebook-asus-vivobook-15-x1504va-bq590156-fhd-ipsintel-5-120u16gb512gbintel-graphicsblue-223206,1399.99,1099.99,300.0,183.33,6,0,0,2,False
126112,223190,"Apple MacBook Air 13.6"" (M4, 10-Core CPU / 10-Core GPU, 24GB RAM, 512GB SSD, Starlight) - MC6A4RU/A",https://www.bakuelectronics.az/mehsul/macbook-air-136-m4-10c-cpu10c-gpu-24-gb-512-gb-starlight-223190,3999.99,3499.99,500.0,291.67,12,0,0,8,False
126110,223189,"Notbuk ASUS TUF Gaming A18 FA808UH-S8052 18"" (1920x1200) (AMD Ryzen 7 260, 16GB RAM, 512GB SSD, NVIDIA GeForce RTX 5050 8GB) - 90NR0NM1-M002K0",https://www.bakuelectronics.az/mehsul/notebook-asus-tuf-gaming-a18-fa808uh-s8052ryzen-7-260-16gb512gbrtx-5050-8gb181920x1200-223189,3299.99,2699.99,600.0,450,6,0,0,6,False
126121,223188,"Notbuk ASUS ROG Strix G16 G615JMR-S5119 16"" (2560x1600) (Intel Core i7-14650HX, 16GB RAM, 1TB SSD, NVIDIA GeForce RTX 5060 8GB) - 90NR0LB1-M005E0",https://www.bakuelectronics.az/mehsul/notebook-asus-rog-strix-g16-g615jmr-s5119i7-14650hx16gb-1tbrtx-5060-8gb162560x1600dos-223188,4399.99,3899.99,500.0,650,6,0,0,6,False
126020,223087,"Notbuk Asus VivoBook S16 OLED S3607CA-SH078 U5-225H/16""/1920X1200/16GB/512GB/INTEL ARC/GRY (90NB16I2-M00630)",https://www.bakuelectronics.az/mehsul/notebook-asus-vivobook-s16-oled-s3607ca-sh078-u5-225h161920x120016gb512gbintel-arcgry-223087,2099.99,1749.99,350.0,291.66,6,0,0,20,False
126019,223086,"Notbuk Asus VivoBook S16 OLED S3607CA-SH079 U7-255H/16""/1920X1200/16GB/1TB/INTEL ARC/GRY (90NB16I2-M00640)",https://www.bakuelectronics.az/mehsul/notebook-asus-vivobook-s16-oled-s3607ca-sh079-u7-255h161920x120016gb1tbintel-arcgry-223086,2499.99,2099.99,400.0,350,6,0,0,5,False
125605,222657,Notbuk Lenovo IdeaPad Slim 5 15ARP10/15.3 WUXGA IPS/R7-7735HS/16GB/1TB/AMD RADEON 680M/GREEN (83J3005NRK),https://www.bakuelectronics.az/mehsul/notbuk-lenovo-ideapad-slim-5-15arp10153-wukhga-ipsr7-7735hs16gb1tbamd-radeon-680mgreen-83j3005nrk-222657,1699.99,1499.99,200.0,250,6,0,0,8,False
125604,222656,"Notbuk Lenovo LOQ 15AHP10/15.6 FHD IPS, 144HZ/RYZEN 7 250/RAM 16GB DDR5/SSD 512GB G4/RTX 5060 8GB (83JG007LRK)",https://www.bakuelectronics.az/mehsul/notbuk-lenovo-loq-15ahp10156-fhd-ips-144hzryzen-7-250ram-16gb-ddr5ssd-512gb-g4rtkh-5060-8gb-83jg007lrk-222656,3199.99,2799.99,400.0,466.66,6,0,0,11,False
125603,222655,Notbuk MSI CROSSHAIR 16 HX AI D2XWFKG-088XAZ/ULTRA 9 275HX/32GB/1TB/RTX 5060 8GB/DOS/GRY (9S7-15P421-088),https://www.bakuelectronics.az/mehsul/notbuk-msi-crosshair-16-hkh-ai-d2khwfkg-088khazultra-9-275hkh32gb1tbrtkh-5060-8gbdosgry-9s7-15p421-088-222655,4499.99,3999.99,500.0,666.66,6,0,0,2,False
125602,222654,Notbuk MSI Cyborg 15 B2RWFKG-408XAZ/INTEL 7 240H/16GB/512GB/RTX 5060 8GB/15.6 FHD/IPS/DOS/BK (9S7-15Q342-408),https://www.bakuelectronics.az/mehsul/notbuk-msi-cyborg-15-b2rwfkg-408khazintel-7-240h16gb-512gbrtkh-5060-8gb156-fhdipsdosbk-9s7-15q342-408222654,3199.99,2799.99,400.0,466.66,6,0,0,4,False
125579,222628,Notbuk HP Omnibook 5 Clamshell Canopyr 25C1 I5-1334U16GB512GBIRIS XE161920X1200IPSDOSSL (BZ1H9EA),https://www.bakuelectronics.az/mehsul/notebook-hp-omnibook-5-clamshell-canopyr-25c1-i5-1334u16gb512gbiris-xe161920x1200ipsdossl-222628,1599.99,1399.99,200.0,233.33,6,0,0,11,False
125560,222609,"Notbuk HP 15-FD2017CI (15.6"" FHD 1920x1080, Intel Ultra 7 255U 12C, 32GB RAM, 1TB SSD, Intel Graphics, FreeDOS) - C0EE8EA",https://www.bakuelectronics.az/mehsul/notebook-hp-15-fd2017ci-u-7-255u-12c32gb1tbintel-graphicss156-fhd1920x1080dos-222609,2299.99,2099.99,200.0,350,6,0,0,2,False
125558,222607,"Notbuk HP Omen 16-AM0048CI (16.0"" 1920x1200, Intel Core i7-14650HX, 16GB RAM, 512GB SSD, NVIDIA GeForce RTX 5060 8GB, FreeDOS) - C0BN5EA",https://www.bakuelectronics.az/mehsul/notebook-hp-omen-16-am0048cii7-14650hx16gb512gbrtx-5060-8gb160-1920x1200dos-222607,3499.99,2999.99,500.0,500,6,0,0,2,False
125557,222606,"Notbuk HP 250R G9 UMA 7 150U (15.6"" FHD, 16GB RAM, 512GB SSD, FreeDOS, SL) - AD2Q1ET",https://www.bakuelectronics.az/mehsul/notebook-hp-uma-7-150u-250r-g9156-fhd16gb512gbdossl-222606,1799.99,1599.99,200.0,266.66,6,0,0,9,False
125481,222531,Notbuk Asus VivoBook S16/M3607HA-RP046/RYZEN 5 220/16GB/512GB/SL (90NB16F2-M002U0),https://www.bakuelectronics.az/mehsul/notebook-asus-vivobook-s16e1504fa-bq090ryzen-5-22016gb512gbsl-222531,1599.99,1399.99,200.0,233.33,6,0,0,6,False
125471,222521,"Notbuk ASUS TUF Gaming A16 FX608JMR-RV037 16"" (AMD Ryzen 9 8940HX, 16GB RAM, 1TB SSD, NVIDIA GeForce RTX 5070, Gray) - 90NR0MD1-M00430",https://www.bakuelectronics.az/mehsul/notebook-asus-tuf-gaming-a16fx608jmr-rv037amd-ryzen-9-8940hx16gb1tbrtx5070gray-222521,3999.99,3499.99,500.0,583.33,6,0,0,4,False
125469,222519,"Notbuk ASUS VivoBook 15 X1502VA-BQ1283 15.6"" (Intel Core i5-13420H, 16GB RAM, 512GB SSD, Silver) - 90NB10T2-M01TX0",https://www.bakuelectronics.az/mehsul/notebook-asus-vivobook-15x1502va-bq1283i5-13420h16gb512gbsilver-222519,1659.99,1249.99,410.0,92.22,18,0,0,1,True
125328,222376,"Notbuk ASUS Zenbook 14 OLED UM3406KA-QD130 14"" (1920x1200) (AMD Ryzen AI 5 340, 16 GB RAM, 512 GB SSD, AMD Radeon) - 90NB14U1-M007L0",https://www.bakuelectronics.az/mehsul/notebook-asus-zenbook-14-oled-um3406ka-qd130-14-1920x1200-oledryzen-ai-5-34016gb512gbradeon-222376,2499.99,2099.99,400.0,350,6,0,0,7,False
125327,222375,"Notbuk ASUS ROG Zephyrus G14 OLED GA403WP-QS034 14"" 3K 120Hz (AMD Ryzen AI 9 HX 370, 16GB RAM, 1TB SSD, NVIDIA GeForce RTX 5070 8GB) - 90NR0LW1-M00220",https://www.bakuelectronics.az/mehsul/notebook-asus-rog-zephyrus-g14-oled-ga403wp-qs034-14-3k-120hzr-ai-9-hx-37016gb1tbrtx-5070-8gb-222375,5789.99,4999.99,790.0,833.33,6,0,0,1,True
125324,222372,"Notbuk ASUS ROG Strix Scar 18 G835LR-SA005 18"" Mini LED 240Hz (Intel Ultra 9 275HX, 32GB RAM, 2TB SSD, NVIDIA GeForce RTX 5070 Ti 12GB) - 90NR0LS1-M00050",https://www.bakuelectronics.az/mehsul/notebook-asus-rog-strix-scar-18-g835lr-sa005-18-mini-led-240hzult-9-275hx32gb2tbrtx-5070ti-12gb-222372,7939.99,6699.99,1240.0,1116.66,6,0,0,1,True
125323,222371,"Notbuk ASUS ROG Strix G18 G815LR-S9085 18"" 2.5K IPS 240Hz (Intel Ultra 9 275HX, 32GB RAM, 1TB SSD, NVIDIA GeForce RTX 5070 Ti 12GB) - 90NR0LT1-M00390",https://www.bakuelectronics.az/mehsul/notebook-asus-rog-strix-g18-g815lr-s9085-18-25k-ips-240hzultra-9-275hx32gb1tbrtx-5070ti-12gb-222371,7059.99,6059.99,1000.0,1010,6,0,0,1,True
125322,222370,"Notbuk ASUS ROG Strix G16 G615LR-S5192 16"" 2.5K IPS 240Hz (Intel Core Ultra 9 275HX, 32GB RAM, 1TB SSD, NVIDIA GeForce RTX 5070 Ti 12GB) - 90NR0LR1-M007S0",https://www.bakuelectronics.az/mehsul/notebook-asus-rog-strix-g16-g615lr-s5192-16-25k-ips240hzultra-9-275hx32gb1tbrtx-5070ti-12gb-222370,6779.99,5999.99,780.0,376.67,18,0,0,1,True
125321,222369,"Notbuk ASUS ROG Strix G16 G614FR-RV008 16"" FHD+ IPS 165Hz (AMD Ryzen 9 9955HX, 16GB RAM, 1TB SSD, NVIDIA GeForce RTX 5070 Ti 12GB) - 90NR0NK7-M000B0",https://www.bakuelectronics.az/mehsul/notebook-asus-rog-strix-g16-g614fr-rv008-16-fhd-ips-165hzr9-9955hx16gb1tbrtx-5070ti-12gb-222369,5929.99,4899.99,1030.0,816.66,6,0,0,1,True
125319,222367,"Notbuk Lenovo Legion 5 15IAX10 15.1"" QHD+OLED 165Hz (Intel Ultra 7 255HX, 16GB RAM, 512GB SSD, NVIDIA GeForce RTX 5050 8GB) - 83F0000DRK",https://www.bakuelectronics.az/mehsul/notebook-lenovo-legion-5-15iax10-151-qhd-oled-165hzintel-ultra-7-255hx16gb512gbrtx-5050-8gb-222367,3599.99,2999.99,600.0,500,6,0,0,2,False
125316,222364,"Notbuk ASUS ROG Zephyrus G14 OLED GA403UH-QS024 14"" 3K OLED 120Hz (AMD Ryzen 9 270, 16 GBRAM, 1TB SSD, NVIDIA GeForce RTX 5050 8GB) - 90NR0M71-M000Z0",https://www.bakuelectronics.az/mehsul/notebook-asus-rog-zephyrus-g14-oled-ga403uh-qs024-14-3k-oled120hzryzen9-27016gb1tbrtx-5050-8gb-222364,4639.99,3899.99,740.0,650,6,0,0,1,True
125299,222347,Notbuk Asus Expertbook B1 B1503CVA-S72897 15.6 FHD IPSI5-1334U16GB512GBUHD GRAPHICS (90NX0801-M036E0),https://www.bakuelectronics.az/mehsul/notebook-asus-expertbook-b1-b1503cva-s72897-156-fhd-ipsi5-1334u16gb512gbuhd-graphics-222347,1469.99,1299.99,170.0,216.66,6,0,0,1,True
125297,222345,Notbuk Lenovo Thinkpad T14 GEN 6 14 WUXGA IPSINTEL ULTRA 5 225U16GB512GBINTEL GRAPHICS (21QC006CFW),https://www.bakuelectronics.az/mehsul/notebook-lenovo-thinkpad-t14-gen-6-14-wuxga-ipsintel-ultra-5-225u16gb512gbintel-graphics-222345,4689.99,2479.99,2210.0,413.33,6,0,0,1,True
125296,222344,"Notbuk Lenovo Thinkpad E16 GEN 3 16"" WUXGA IPS/RYZEN 7 250/16GB/512GB/AMD RADEON 780M (21ST002TFW)",https://www.bakuelectronics.az/mehsul/notebook-lenovo-thinkpad-e16-gen-3-16-wuxga-ipsryzen-7-25016gb512gbamd-radeon-780m-222344,2239.99,1899.99,340.0,316.66,6,0,0,1,True
125295,222343,Notbuk Lenovo Thinbook 16 G8 IAL 16 WUXGA IPSINTEL ULTRA 7 255H16GB512GBINTEL GRAPHICS (21SK007URT),https://www.bakuelectronics.az/mehsul/notebook-lenovo-thinkbook-16-g8-ial-16-wuxga-ipsintel-ultra-7-255h16gb512gbintel-graphics-222343,2379.99,2099.99,280.0,350,6,0,0,1,True
125240,222286,Notbuk Asus Vivobook 15 X1504VA-BQ59115.6 FHD IPSINTEL 5 120U16GB512GBINTEL GRAPHICSSILVER (90NB13Y2-M00X80),https://www.bakuelectronics.az/mehsul/notebook-asus-vivobook-15-x1504va-bq591156-fhd-ipsintel-5-120u16gb512gbintel-graphicssilver-222286,1399.99,1099.99,300.0,183.33,6,0,0,8,False
125236,222282,Notbuk HP OmniBook 5/14-FP0010CI/CORE 7-150U/16GB/1TB/INTEL GRAPHICS/TOUCH/14/1920X1200/DOS/SILVER (BZ1H7EA),https://www.bakuelectronics.az/mehsul/notebook-hp-omnibook-514-fp0010cicore-7-150u16gb1tbintel-graphicstouch141920x1200dossilver-222282,2299.99,1999.99,300.0,333.33,6,0,0,1,False
125235,222281,Notbuk HP OmniBook 5/FP0017CI/CORE 5-120U/16GB/512GB/INTEL GRAPHICS/TOUCH/14/1920X1200/DOS/SILVER (BZ1H8EA),https://www.bakuelectronics.az/mehsul/notebook-hp-omnibook-5fp0017cicore-5-120u16gb512gbintel-graphicstouch141920x1200dossilver-222281,1999.99,1699.99,300.0,283.33,6,0,0,4,False
125146,222205,"Notbuk HP VICTUS I5-13420H/16GB/512GB/RTX 4050 6GB/15.6"" FHD/IPS/WIN11/SL (B8LN4UA)",https://www.bakuelectronics.az/mehsul/notebook-hp-victus-i5-13420h16gb512gbrtx-4050-6gb156-fhdipswin11sl-222205,2399.99,2099.99,300.0,350,6,0,0,4,False
125161,222204,Notbuk HP 255 G10 15.6/G10 PC/RYZEN7 7730U/16GB/512GB (8A548EA),https://www.bakuelectronics.az/mehsul/notebook-hp-255-156g10-pcryzen7-7730u16gb512gb-222204,1449.99,1249.99,200.0,208.33,6,0,0,10,False
125160,222203,Notbuk DELL VOSTRO 3530/I7-1355U/16GB/512GB/15.6 FHD/INTEL IRIS XE/54WHR (210-BGLW-I7),https://www.bakuelectronics.az/mehsul/notebook-dell-vostro-3530i7-1355u16gb512gb156-fhdintel-iris-xe54whr-222203,1699.99,1449.99,250.0,241.66,6,0,0,8,False
125159,222202,"Notbuk Acer Lite AL16-52P 16"" WUXGA IPS I7-1355U/16 GB/512GB (NX.J5SER.002)",https://www.bakuelectronics.az/mehsul/notebook-acer-al16-52p-16-wuxga-ips-i7-1355u16-gb512gb-222202,1549.99,1349.99,200.0,225,6,0,0,25,False
125093,222142,Notbuklar HP OMNIBOOK 5AI 16-AF1003CI/ULTRA 5-225U/16GB/512GB/16/1920X1200/SL (BG7H7EA),https://www.bakuelectronics.az/mehsul/notebook-hp-omnibook-5ai-16-af1003ciultra-5-225u16gb512gb161920x1200sl-222142,1999.99,1629.99,370.0,271.66,6,0,0,1,False
124847,221692,Notbuk ASUS TUF Gaming F16 FX607VJ-RL006/Intel 5 210H/16GB/512GB/RTX 3050 6GB/16/1920x1200/Gry (90NR0MZ6-M00060),https://www.bakuelectronics.az/mehsul/notebook-asus-tuf-gaming-f16-fx607vj-rl006intel-5-210h16gb512gbrtx-3050-6gb161920x1200gry-221692,2299.99,1799.99,500.0,300,6,0,0,1,False
124817,221663,"Notbuk ASUS Vivobook X1404VA-NK468 14.0"" FHD (Intel Core i3-1315U, 8GB RAM, 512GB SSD, Intel HD Graphics, FreeDOS, Blue) - 90NB10I1-M00F60",https://www.bakuelectronics.az/mehsul/notebook-asus-vivobook-x1404va-nk468-i3-1315u-8gb512gb14-1920-x-1080bldosintel-hd-graphics-221663,999.99,799.99,200.0,133.33,6,0,0,1,False
124816,221662,"Notbuk HP Envy x360 14-ES1013DX 14"" FHD (Touchscreen, IPS panel, Intel Core i5-120U, 8GB RAM, 512GB SSD, Intel Graphics, Windows 11, Silver) - 9R8R2UA",https://www.bakuelectronics.az/mehsul/notebook-hp-14-es1013dx-envy-x360-14-fhd-ips-touch-displayi5-120u8gb512gbintel-graphicsw11sl-221662,1799.99,1499.99,300.0,250,6,0,0,8,False
124808,221653,Notbuk ASUS ZENBOOK/ULTRA 5-225U/16GB/512GB/14/TOUCH SCREEN(1920 X 1200) OLED/SL (90NB14W4-M00WB0),https://www.bakuelectronics.az/mehsul/notebook-asus-zenbookultra-5-225u16gb512gb14touch-screen1920-x-1200-oledsl-221653,2499.99,2199.99,300.0,366.66,6,0,0,3,False
124806,221651,Notbuk HP OMNIBOOK 16-AF1015CI ULTRA 7-255U/16GB/512GB/16.0 (1920X1200) (BG7H9EA),https://www.bakuelectronics.az/mehsul/notebook-hp-omnibook-16-af1015ci-ultra-7-255u16gb512gb160-1920x1200-221651,2299.99,1849.99,450.0,308.33,6,0,0,7,False
124802,221647,Notbuk ASUS TUF GAMING R9-8940HX 16GB/1TB/16.0/1920X1200/GRY (90NR0MC1-M002Z0),https://www.bakuelectronics.az/mehsul/notebook-asus-tuf-gaming-r9-8940hx-16gb1tb1601920x1200rtx5060-8gbgry-221647,3799.99,3099.99,700.0,516.66,6,0,0,25,False
124532,221400,"Notbuk Huawei MateBook 14 OLED touch (Intel Core Ultra 5 125H, 16 GB RAM, 1 TB SSD, Intel Arc Graphics, 14.0"" 2880×1920, FreeDOS, Green) - 53014HYD",https://www.bakuelectronics.az/mehsul/notebook-huawei-matebook-14-u5-2880x1920u5-125h16gb1tbintel-arcdosgrn-221400,2399.99,1899.99,500.0,316.66,6,0,0,14,False
124427,221289,"Notbuk Dell Vostro 3530 (Intel Core i3-1305U, 8GB RAM, 512GB SSD, Intel UHD Graphics, 15.6"" FHD 1920x1080) - 210-BGLW-I3",https://www.bakuelectronics.az/mehsul/notebook-dell-vostro-3530-156-fhd-1920-x-1080i3-1305u8gb512gbuhd-graphics-221289,1049.99,899.99,150.0,150,6,0,0,1,False
124425,221287,"Notbuk HP Laptop 25C1 (Intel Core Ultra 5 225U, 16GB RAM, 512GB SSD, Intel Graphics, 15.6"" FHD IPS, FreeDOS, Blue) - BM0Q5EA",https://www.bakuelectronics.az/mehsul/notebook-hp-laptop-25c1-u5-225u16gb512gbintel-graphics156-fhdipsdosblue-221287,1599.99,1399.99,200.0,233.33,6,0,0,26,False
124424,221286,"Notbuk Acer Aspire Lite AL16-52P 16"" WUXGA IPS (Intel Core i5‑1334U, 16 GB RAM, 512 GB SSD, FreeDOS) - NX.J5SER.001",https://www.bakuelectronics.az/mehsul/notebook-acer-al16-52p-16-wuxga-ips-i5-1334u16gb512gb-221286,1399.99,1129.99,270.0,188.33,6,0,0,7,False
124423,221285,"Notbuk Acer Aspire Lite AL16-52P 16"" WUXGA IPS (Intel Core i5‑1334U, 8 GB RAM, 512 GB SSD, FreeDOS) - NX.J5RER.001",https://www.bakuelectronics.az/mehsul/notebook-acer-al16-52p-16-wuxga-ips-i5-1334u8gb512gb-221285,1299.99,1029.99,270.0,171.66,6,0,0,16,False
124422,221284,"Notbuk Acer Aspire Lite AL16-52P 16"" WUXGA IPS (Intel Core i3‑1305U, 8 GB RAM, 512 GB SSD, FreeDOS) - NX.J5RER.002",https://www.bakuelectronics.az/mehsul/notebook-acer-al16-52p-16-wuxga-ips-i3-1305u8gb512gb-221284,1049.99,879.99,170.0,146.66,6,0,0,21,False
124292,221142,"Notbuk ASUS Vivobook S S5507QA-MA006W 15.6"" 2.8K OLED (2880×1620, 16:9 aspect ratio, 16 GB RAM, 1 TB SSD, Windows 11 Home) - 90NB14Q2-M005E0",https://www.bakuelectronics.az/mehsul/notebook-asus-vivobook-s-s5507qa-ma006w156-28k-2880-x-1620oled16gb1tb-221142,3949.99,3219.99,730.0,536.66,6,0,0,1,True
124291,221141,"Notbuk ASUS Vivobook S 15 OLED S5507QA-MA007W 15.6"" 2.8K (2880×1620, 120 Hz, 16:9 aspect ratio, 16 GB RAM, 1 TB SSD, Windows 11 Home) - 90NB14Q2-M005F0",https://www.bakuelectronics.az/mehsul/notebook-asus-s5507qa-ma007w156-28k-2880-x-1620-oled-169-aspect-ratio-120hzx-plus16gb1tbw11h-221141,3369.99,2739.99,630.0,187.22,18,0,0,1,True
124269,221139,Notbuk HP Laptop 15-FD1030CI (B5JR3EA),https://www.bakuelectronics.az/mehsul/notebook-hp-b5jr3eahp-laptop-15-fd1030ci-221139,1869.99,1549.99,320.0,258.33,6,0,0,1,True
124268,221137,"Notebook HP Pavilion Riesling 24C1 14"" FHD (Intel Core i7-150U, 16 GB RAM, 1 TB SSD, Intel Graphics, Touchscreen, IPS panel, FreeDOS) - A19ZZEA",https://www.bakuelectronics.az/mehsul/notebook-hp-pavilion-riesling-24c1i7-150u16gb1tbintel-graphicstouch14-fhd1920x1080ipsdos-221137,2399.99,2099.99,300.0,350,6,0,0,2,False
124260,221119,"Notbuk Lenovo ThinkBook 14 G8 IRL 14"" WUXGA IPS (Intel Core 5 210H, 16 GB RAM, 512 GB SSD, FreeDOS, Grey) - 21SG008KRT",https://www.bakuelectronics.az/mehsul/notebook-lenovo-thinkbook-14-g8-irl14-wuxga-1920x1200-ipsu5-210h16gb512gbfreedos-grey-221119,1749.99,1599.99,150.0,266.66,6,0,0,1,True
124189,221044,"Notbuk Asus TUF Gaming FX608JPR-RV077/16"" WUXGA 1920x1200 (Intel Core i7-14650HX, 16GB RAM, 1TB SSD, GeForce RTX 5070) - 90NR0NG1-M005H0",https://www.bakuelectronics.az/mehsul/notebook-asus-fx608jpr-rv077i7-14650hxrtx-507016gb1tb16wuxga-1920x1200-221044,3999.99,3499.99,500.0,583.33,6,0,0,2,False
124117,220956,"Notbuk ASUS TUF Gaming 16.0"" (Core i5-210H / 16GB DDR5 / 512GB PCIe 4.0 SSD / NVIDIA GeForce RTX 4050) - 90NR0N06-M00310",https://www.bakuelectronics.az/mehsul/notebook-asus-tuf-gaming-core-5-210h16gb-ddr5512gb-pcie-g4-ssd160nv-geforce-rtx-4050without-os-220956,2499.99,2049.99,450.0,341.66,6,0,0,16,False
124042,220896,"Notbuk ASUS ROG Strix Scar 16 G635LX-RW044W 16"" Mini LED (Intel Core Ultra 9 275HX, 32GB RAM, 2TB SSD, GeForce RTX 5090 24GB, Windows 11) - 90NR0L81-M00440",https://www.bakuelectronics.az/mehsul/notebook-asus-rog-strix-scar-16-g635lx-rw044w16-mini-ledult-9-275hx32gb2tbrtx-5090-24gbw11-220896,11099.99,9999.99,1100.0,1666.66,6,0,0,1,True
124041,220895,"Notbuk ASUS ROG Strix G18 G815LW-S901418 18"" 2.5K IPS (Intel Core Ultra 9 275HX, 32GB RAM, 1TB SSD, GeForce RTX 5080 16GB) - 90NR0LC1-M000F0",https://www.bakuelectronics.az/mehsul/notebook-asus-rog-strix-g18-g815lw-s901418-25k-ipsult-9-275hx32gb1tbrtx-5080-16gb-220895,8699.99,7219.99,1480.0,1203.33,6,0,0,1,False
124040,220894,"Notbuk ASUS ROG Strix G16 G615LW-S500416 16"" 2.5K IPS (Intel Core Ultra 9 275HX, 32GB RAM, 2TB SSD, GeForce RTX 5080 16GB) - 90NR0LG1-M00040",https://www.bakuelectronics.az/mehsul/notebook-asus-rog-strix-g16-g615lw-s500416-25k-ipsult-9-275hx32gb2tbrtx-5080-16gb-220894,7699.99,6759.99,940.0,427.78,18,0,0,1,True
124039,220893,"Notbuk MSI Vector 16 HX AI A2XWHG-032AZ 16"" QHD+ IPS (Intel Core Ultra 9 275HX, 32GB RAM, 1TB SSD, GeForce RTX 5070 Ti 12GB, Windows 11) - 9S7-15M352-032",https://www.bakuelectronics.az/mehsul/notebook-msi-vector-16-hx-ai-a2xwhg-032az16-qhd-ipsult-9-275hx32gb1tbrtx-5070ti-12gbw11-220893,5599.99,4999.99,600.0,833.33,6,0,0,1,False
124038,220892,"Notbuk ASUS ROG Zephyrus G16 OLED GU605CR-QR21216 16"" 2.5K OLED (Intel Core Ultra 9 285H, 32GB RAM, 1TB SSD, GeForce RTX 5070 Ti 12GB) - 90NR0LZ6-M00B30",https://www.bakuelectronics.az/mehsul/notebook-asus-rog-zephyrus-g16-oled-gu605cr-qr21216-25k-oledult-9-285h32gb1tbrtx-5070ti-12gb-220892,7849.99,6299.99,1550.0,1050,6,0,0,1,True
124035,220889,"Notbuk ASUS ROG Zephyrus G14 OLED GA403WR-QS126 14"" 3K OLED (AMD Ryzen AI 9 HX 370, 32GB RAM, 1TB SSD, GeForce RTX 5070 Ti 12GB) - 90NR0M54-M006F0",https://www.bakuelectronics.az/mehsul/notebook-asus-rog-zephyrus-g14-oled-ga403wr-qs12614-3k-oledr-ai-9-hx-37032gb1tbrtx-5070ti-12gb-220889,7299.99,6059.99,1240.0,1010,6,0,0,1,True
124033,220887,"Notbuk ASUS ROG Zephyrus G16 OLED GU605CP-QR040 16"" 2.5K OLED (Intel Ultra 7 255H, 32GB RAM, 1TB SSD, GeForce RTX 5070 8GB) - 90NR0MM2-M001S0",https://www.bakuelectronics.az/mehsul/notebook-asus-rog-zephyrus-g16-oled-gu605cp-qr04016-25k-oledult-7-255h32gb1tbrtx-5070-8gb-220887,6899.99,5759.99,1140.0,960,6,0,0,1,True
124031,220885,"Notbuk ASUS TUF Gaming A18 FA808UM-S803018 18"" FHD+ IPS (144Hz, AMD Ryzen 7 260, 16GB RAM, 512GB SSD, GeForce RTX 5060 8GB) - 90NR0NN1-M001M0",https://www.bakuelectronics.az/mehsul/notebook-asus-tuf-gaming-a18-fa808um-s803018-fhd-ips144hzryzen-7-26016gb512gbrtx-5060-8gb-220885,3699.99,3049.99,650.0,508.33,6,0,0,1,True
124030,220884,"Notbuk Asus TUF Gaming F16 FX608JM-RV00216 16"" FHD+ IPS (165Hz, Intel Core i5-13450HX, 16GB RAM, 512GB SSD, GeForce RTX 5060 8GB) - 90NR0MI1-M002V0",https://www.bakuelectronics.az/mehsul/notebook-asus-tuf-gaming-f16-fx608jm-rv00216-fhd-ips165hzi5-13450hx16gb512gbrtx-5060-8gb-220884,3349.99,2799.99,550.0,466.66,6,0,0,1,True
123994,220848,"Notbuk Lenovo IdeaPad Slim 5 15ARP10 15.3"" WUXGA (1920x1200) IPS (R7-7735HS, 16GB RAM, 1TB SSD, AMD Radeon 680M) - 83J30044RK",https://www.bakuelectronics.az/mehsul/notebook-lenovo-ideapad-slim-5-15arp10-153-wuxga1920x1200ipsr7-7735hs16gb1tbamd-radeon-680m-220848,1699.99,1499.99,200.0,250,6,0,0,6,False
123992,220846,"Notbuk ASUS ROG STRIX GAMING G18 18"" G815JMR-S9092 (i9-14900HX, 32GB RAM, 1TB SSD, RTX 5060 8GB, 2.5K, 240Hz) - 90NR0LE1-M004U0",https://www.bakuelectronics.az/mehsul/notebook-asus-rog-strix-g18-g815jmr-s909218-25k-ips-240hzi9-14900hx32gb1tbrtx-5060-8gb-220846,5299.99,4499.99,800.0,750,6,0,0,5,False
123991,220845,"Notbuk ASUS TUF GAMING F16 16"" FX608JMR-RV037 (i7-14650HX, 16GB RAM, 1TB SSD, RTX 5060 8GB, 165Hz) - 90NR0NB1-M002S0",https://www.bakuelectronics.az/mehsul/notebook-asus-tuf-gaming-f16-fx608jmr-rv037-16-fhd-ips-165hzi7-14650hx16gb1tbrtx-5060-8gb-220845,3899.99,3149.99,750.0,525,6,0,0,14,False
115679,220408,Notbuk ASUS ROG STRIX/I9-14900HX/32GB/1TB/16.0 WQXGA 2560X1600 16:10 ANTI-GLARE/RTX5070/GRY (90NR0L91-M00480),https://www.bakuelectronics.az/mehsul/notebook-asus-rog-strixi9-14900hx32gb1tb160-wqxga-2560x1600-1610-anti-glarertx5070gry-220408,5499.99,4499.99,1000.0,750,6,0,0,5,False
115677,220406,Notbuk ASUS TUF GAMING/I7-14650HX/16GB/1TB/16.0 WUXGA 16:10 ANTI-GLARE/RTX5070/GRY (90NR0NG1-M00350),https://www.bakuelectronics.az/mehsul/notebook-asus-tuf-gamingi7-14650hx16gb1tb160-wuxga-1920x1200-1610-anti-glarertx5070gry-220406,4569.99,3699.99,870.0,616.66,6,0,0,1,True
115675,220404,Notbuk ACER EXTENSA 215 57/INTEL CORE I7-13620H /16 GB DDR5 MEMORY/1TB PCIE NVME SSD (NX.EJBER.006),https://www.bakuelectronics.az/mehsul/notebook-acer-extensa-215-57intel-core-i7-13620h-16-gb-ddr5-memory1tb-pcie-nvme-ssd-220404,1649.99,1399.99,250.0,233.33,6,0,0,1,False
115538,220211,Notbuk Asus VivoBook 8GB/256GB Blue (90NB10J1-M01HX0),https://www.bakuelectronics.az/mehsul/notebook-asus-asus-vivobook156i3-1315u8gb256gbumablue-220211,1049.99,899.99,150.0,150,6,0,0,1,True
115207,219939,Apple MacBook Air 15 M3 chip (8-core CPU / 10-core GPU) /16GB RAM / 256GB SSD Silver (MC9E4RU/A),https://www.bakuelectronics.az/mehsul/15-inch-macbook-air-apple-m3-chip-with-8-core-cpu-and-10-core-gpu-16gb-256gb-ssd-silver-219939,2799.99,2499.99,300.0,416.66,6,0,0,3,False
115283,219937,Notbuk Lenovo Intel Celeron N4500 / 8GB DDR4-2933 / 512GB SSD / Intel UHD (82LX00EKRK),https://www.bakuelectronics.az/mehsul/laptop-lenovo-intel-celeron-n4500-2c-2t-11-28ghz-4mb8gb-so-dimm-ddr4-2933512gbintel-uhd-219937,659.99,539.99,120.0,90,6,0,0,1,False
115282,219936,Notbuk Lenovo Yoga 7 2in1 14ILL10 (83JQ003GRK),https://www.bakuelectronics.az/mehsul/notebook-lenovo-yoga-7-2-in-1-14ill1014-wuxga-1920x1200oledm-touchu-5-226v16gb512gbdosgrey-219936,2499.99,1999.99,500.0,333.33,6,0,0,19,False
115281,219935,"Notbuk Lenovo IdeaPad Slim 3 15IRU8 / 15.6"" FHD IPS / Intel Core i3-1315U / 8GB RAM / 512GB SSD / FreeDOS / Arctic Grey (82X700D6RK)",https://www.bakuelectronics.az/mehsul/laptop-lenovo-ip-slim-3-15iru8156-fhd-1920x1080-ipsi3-1315u8gb512-gb-ssdfreedosarctic-grey-219935,1049.99,849.99,200.0,141.66,6,0,0,5,False
115190,219857,"Notbuk HUAWEI Matebook K D 16 2024 16"" I5-13420H UHD 8GB 512GB Space gray Without OS (53014CNB)",https://www.bakuelectronics.az/mehsul/huawei-matebook-d-16-2024-16-i5-13420h-uhd-8gb-512gb-space-gray-without-os-219857,1499.99,1149.99,350.0,191.66,6,0,0,7,False
114949,219602,Notbuk Lenovo IdeaPad Slim 5 15ARP10 (83J30043RK),https://www.bakuelectronics.az/mehsul/notebook-lenovo-ideapad-slim-5-15arp10-151-wqxga2560x1600oledr7-7735hs32gb1tbradeon-680m-219602,1999.99,1939.99,60.0,323.33,6,0,0,1,True
114948,219597,Notbuk Asus VivoBook 15 X1504VA-BQ721 (90NB10J1-M01AD0),https://www.bakuelectronics.az/mehsul/notebook-asus-vivobook-15-x1504va-bq721-156-fhd-ipsi7-1355uram-16gbssd-512gbintel-iris-xe-219597,1599.99,1349.99,250.0,225,6,0,0,3,False
114946,219595,"Notbuk Asus ExpertBook B1 B1503CVA-S70461/15.6"" FHD IPS/INTEL 3 100U/8GB/512GB/UHD GRAPHICS(90NX0801-M00VZ0)",https://www.bakuelectronics.az/mehsul/notebook-asus-expertbook-b1-b1503cva-s70461-156-fhd-ipsintel-3-100u8gb512gbuhd-graphics-219595,1349.99,1199.99,150.0,200,6,0,0,1,False
114945,219593,Notbuk Asus ROG Strix SCAR 18 G835LW-SA013 (90NR0LI1-M00140),https://www.bakuelectronics.az/mehsul/notebook-asus-rog-strix-scar-18-g835lw-sa013-18-mini-ledintel-u9-275hx32gb2tbrtx-5080-16gb-219593,9399.99,7789.99,1610.0,1298.33,6,0,0,1,True
114930,219592,Notbuk Asus ROG Strix SCAR G635LW-RW036 (90NR0LD1-M001D0),https://www.bakuelectronics.az/mehsul/notebook-asus-rog-strix-scar-16-g635lw-rw036-16-mini-ledintel-u9-275hx32gb2tbrtx-5080-16gb-219592,9199.99,7639.99,1560.0,1273.33,6,0,0,1,True
114943,219588,Notbuk Asus ROG Zephyrus G14 Oled GA403UV-QS163 (90NR0I01-M008S0),https://www.bakuelectronics.az/mehsul/notebook-asus-rog-zephyrus-g14-oled-ga403uv-qs163-14-oled-120hzr7-8845hs16gb512gbrtx-4060-8gb-219588,4499.99,3699.99,800.0,616.66,6,0,0,1,True
114938,219578,Notbuk Lenovo Yoga 7 2-in-1 14ILL10 (83JQ005CRK),https://www.bakuelectronics.az/mehsul/notebook-lenovo-yoga-7-2-in-1-14ill10-2025-14-touch-oled-120hzintel-u7-256v16gb1tbintel-arc-219578,3099.99,2599.99,500.0,433.33,6,0,0,8,False
114937,219577,Notbuk Asus Expertbook P5 P5405CSA-NZ0208 (90NX0861-M008A0),https://www.bakuelectronics.az/mehsul/notebook-asus-expertbook-p5-p5405csa-nz0208-142560x1600ipsultra-5-228v32gb1tbintel-arc-130v-219577,2799.99,2359.99,440.0,393.33,6,0,0,1,True
114934,219574,Notbuk Lenovo IdeaPad Slim 5 16IRH10R (83J1004TRK),https://www.bakuelectronics.az/mehsul/notebook-lenovo-ideapad-slim-5-16irh10r202516-28k-oledintel-7-240h32gb1tbintel-graphics-219574,2599.99,2199.99,400.0,366.66,6,0,0,1,True
114960,219573,Notbuk Lenovo Yoga 7 2in1 14ILL10 (83JQ005DRK),https://www.bakuelectronics.az/mehsul/notebook-lenovo-yoga-7-2-in-1-14ill10202514-touchultra-5-226v16gb1tbintel-arc-219573,2699.99,2399.99,300.0,400,6,0,0,11,False
114922,219564,"Notbuk Asus Vivobook S16 /I5-13420H PROCESSOR 2.1 GHZ/16GB/1TB/UHD GRAPHICS/16""/SL (90NB1671-M00500)",https://www.bakuelectronics.az/mehsul/notebook-asus-vivobook-s16i5-13420h-processor-21-ghz16gb1tbuhd-graphics16sl-219564,1549.99,1449.99,100.0,241.66,6,0,0,2,False
114516,219557,Notbuk Lenovo IdeaPad Slim 5 16IRH10 (83HS0072RK),https://www.bakuelectronics.az/mehsul/notebook-lenovo-ideapad-slim-5-16irh10-161920x1200-ipsi7-13620h32gb-ddr51tbintel-uhd-graphics-219557,2299.99,1999.99,300.0,333.33,6,0,0,3,False
114095,219046,"Notbuk MSI KATANA 17 B13VFK 17.3"" FHD (1920*1080)/144HZ/RTX 4060,GDDR6 8GB/I7-13620H/DDR5 16GB/1TB (9S7-17L541-1429)",https://www.bakuelectronics.az/mehsul/notebook-msi-katana-17-b13vfk-173-fhd-19201080144hzrtx-4060gddr6-8gbi7-13620hddr5-16gb1tb-219046,3299.99,2899.99,400.0,483.33,6,0,0,3,False
113953,218862,"Notbuk Lenovo Thinkbook 16 G7 QOY/16"" /SNPDRGN X PLUS X1P-42-100,8C/32GB/1TB/WIN 11/GREY (21NH000GRU)",https://www.bakuelectronics.az/mehsul/notebook-lenovo-thinkbook-16-g7-qoy161920x1200snpdrgn-x-plus-x1p-42-1008c32gb1tbwin-11grey-218862,3099.99,2599.99,500.0,433.33,6,0,0,1,True
114143,218861,"Notbuk Lenovo Thinkbook 14 2 IN 1 14"" ULTRA 7 155U/ 16GB/ 512GB/ WIN 11PRO (21MXA04HRU)",https://www.bakuelectronics.az/mehsul/notebook-lenovo-thinkbook-14-2-in-1-141920x1200-touchultra-7-155u-16gb-512gb-win-11pro-218861,3099.99,2699.99,400.0,450,6,0,0,9,False
113806,218782,"Notbuk Acer Nitro V 15 ANV15-51/15.6"" FHD IPS 144HZ SLIMBEZEL/I5-13420H/RTX3050 6GB (NH.QNCER.002)",https://www.bakuelectronics.az/mehsul/notebook-acer-nitro-v-15-anv15-51156-fhd-ips-144hz-slimbezeli5-13420h16gb512gbrtx-3050-6gbbk-218782,2399.99,1929.99,470.0,321.66,6,0,0,19,False
112214,218253,"Notbuk Lenovo IP SLIM 1 15AMN7/ 15.6"" WUXGA (1920X1200) IPS/ R5 7520U/ 8GB/ 512GB SSD/ FREEDOS/GREY (82VG00UURK)",https://www.bakuelectronics.az/mehsul/laptop-lenovo-ip-slim-1-15amn7-156-wuxga-1920x1200-ips-r5-7520u-8gb-512gb-ssd-freedosgrey-218253,1099.99,849.99,250.0,141.66,6,0,0,8,False
111403,218076,"Apple MacBook Air 15.3"" M4 (10C CPU/10C GPU), 16GB/512GB SSD MIDNIGHT (MW1M3RU/A)",https://www.bakuelectronics.az/mehsul/15-inch-macbook-air-apple-m4-chip-with-10-core-cpu-and-10-core-gpu-16gb-512gb-ssd-midnight-218076,3999.99,3499.99,500.0,291.67,12,0,0,1,False
111402,218075,"Apple MacBook Air 15.3"" M4 (10C CPU/10C GPU), 16GB/256GB SSD MIDNIGHT (MW1L3RU/A)",https://www.bakuelectronics.az/mehsul/15-inch-macbook-air-apple-m4-chip-with-10-core-cpu-and-10-core-gpu-16gb-256gb-ssd-midnight-218075,3499.99,2999.99,500.0,250,12,0,0,10,False
111400,218073,"Apple MacBook Air 15.3 M4 (10C CPU10C GPU), 16GB256GB SSD STARLIGHT (MW1J3RUA)",https://www.bakuelectronics.az/mehsul/15-inch-macbook-air-apple-m4-chip-with-10-core-cpu-and-10-core-gpu-16gb-256gb-ssd-starlight-218073,3499.99,2999.99,500.0,250,12,0,0,2,False
111398,218071,"Apple MacBook Air 15.3"" M4 (10C CPU/10C GPU), 16GB/256GB SSD SILVER (MW1G3RU/A)",https://www.bakuelectronics.az/mehsul/15-inch-macbook-air-apple-m4-chip-with-10-core-cpu-and-10-core-gpu-16gb-256gb-ssd-silver-218071,3499.99,2999.99,500.0,250,12,0,0,2,False
111396,218069,"Apple MacBook Air 15.3 M4 (10C CPU10C GPU), 16GB256GB SSD SKY BLUE (MC7A4RUA)",https://www.bakuelectronics.az/mehsul/15-inch-macbook-air-apple-m4-chip-with-10-core-cpu-and-10-core-gpu-16gb-256gb-ssd-sky-blue-218069,3499.99,2999.99,500.0,250,12,0,0,7,False
111395,218068,"Apple MacBook Air 13.6"" M4 (10C CPU/10C GPU), 16GB/512GB SSD MIDNIGHT (MW133RU/A)",https://www.bakuelectronics.az/mehsul/13-inch-macbook-air-apple-m4-chip-with-10-core-cpu-and-10-core-gpu-16gb-512gb-ssd-midnight-218068,3499.99,2999.99,500.0,250,12,0,0,10,False
111394,218067,"Apple MacBook Air 13.6"" M4 (10C CPU/8C GPU), 16GB/256GB SSD MIDNIGHT (MW123RU/A)",https://www.bakuelectronics.az/mehsul/13-inch-macbook-air-apple-m4-chip-with-10-core-cpu-and-8-core-gpu-16gb-256gb-ssd-midnight-218067,2999.99,2499.99,500.0,208.33,12,0,0,22,False
111393,218066,"Apple MacBook Air 13.6"" M4 (10C CPU/10C GPU), 16GB/512GB SSD STARLIGHT (MW103RU/A)",https://www.bakuelectronics.az/mehsul/13-inch-macbook-air-apple-m4-chip-with-10-core-cpu-and-10-core-gpu-16gb-512gb-ssd-starlight-218066,3499.99,2999.99,500.0,250,12,0,0,9,False
111392,218065,"Apple MacBook Air 13.6"" M4 (10C CPU/8C GPU), 16GB/256GB SSD STARLIGHT (MW0Y3RU/A)",https://www.bakuelectronics.az/mehsul/13-inch-macbook-air-apple-m4-chip-with-10-core-cpu-and-8-core-gpu-16gb-256gb-ssd-starlight-218065,2999.99,2499.99,500.0,208.33,12,0,0,13,False
111390,218063,"Apple MacBook Air 13.6 M4 (10C CPU8C GPU), 16GB256GB SSD SILVER (MW0W3RUA)",https://www.bakuelectronics.az/mehsul/13-inch-macbook-air-apple-m4-chip-with-10-core-cpu-and-8-core-gpu-16gb-256gb-ssd-silver-218063,2999.99,2499.99,500.0,208.33,12,0,0,5,False
111389,218062,"Apple MacBook Air 13.6"" M4 (10C CPU/10C GPU), 16GB/512GB SSD SKY BLUE (MC6U4RU/A)",https://www.bakuelectronics.az/mehsul/13-inch-macbook-air-apple-m4-chip-with-10-core-cpu-and-10-core-gpu-16gb-512gb-ssd-sky-blue-218062,3499.99,2999.99,500.0,250,12,0,0,1,False
111388,218061,"Apple MacBook Air 13.6"" M4 (10C CPU/8C GPU), 16GB/256GB SSD SKY BLUE (MC6T4RU/A)",https://www.bakuelectronics.az/mehsul/13-inch-macbook-air-apple-m4-chip-with-10-core-cpu-and-8-core-gpu-16gb-256gb-ssd-sky-blue-218061,2999.99,2499.99,500.0,208.33,12,0,0,39,False
110025,217071,"Notbuk MSI I5-13420H DDR4 16GB/512GB/RTX 4050,GDDR6 6GB 15.6"" FHD (1920*1080)DOS (9S7-16R831-3009)",https://www.bakuelectronics.az/mehsul/notebook-msi-i5-13420h-ddr4-16gb512gbrtx-4050gddr6-6gb-156-fhd-19201080dos-217071,2199.99,1959.99,240.0,326.66,6,0,0,9,False
110024,217070,"Notbuk MSI I7-13620H DDR4 16GB/512GB/RTX 4050 GDDR6 6GB 15.6"" FHD (1920*1080)DOS (9S7-16R831-3008)",https://www.bakuelectronics.az/mehsul/notebook-msi-i7-13620h-ddr4-16gb512gbrtx-4050-gddr6-6gb-156-fhd-19201080dos-217070,2499.99,2099.99,400.0,350,6,0,0,4,False
110023,217069,"Apple MacBook AIR M3 CHIP WITH 8-CORE CPU AND 10-CORE GPU, 16GB, 256GB SSD - MIDNIGHT (MC9G4RU/A)",https://www.bakuelectronics.az/mehsul/notbuk-macbook-air-apple-m3-chip-with-8-core-cpu-and-10-core-gpu-16gb-256gb-ssd-midnight-mc9g4rua-217069,2799.99,2399.99,400.0,400,6,0,0,1,False
109949,216995,"Notbuk ASUS ZENBOOK S 14 OLED UX5406SA-PV037W 14"" OLED,120HZ/U5 226V/16GB/512GB/ARC GRAPHICS/W11 (90NB14F2-M007Z0)",https://www.bakuelectronics.az/mehsul/notbuk-asus-zenbook-s-14-oled-ux5406sa-pv037w-14-oled120hzu5-226v16gb512gbarc-graphicsw11-90nb14f2-m007z0-216995,3759.99,2799.99,960.0,208.89,18,0,0,1,True
109936,216982,"Notbuk ASUS TUF GAMING A14 FA401UU-RG013 14"" 2.5K IPS, 165HZ/R7-8845HS/16GB/512GB/RTX 4050 6GB (90NR0JD1-M001E0)",https://www.bakuelectronics.az/mehsul/notebook-asus-tuf-gaming-a14-fa401uu-rg013-14-25k-ips-165hzr7-8845hs16gb512gbrtx-4050-6gb-216982,3529.99,2599.99,930.0,433.33,6,0,0,1,True
109912,216958,Notbuk HP PB450 G10 14 FHd 250 i7-1355U16 GB512GBDOS (968W0ET),https://www.bakuelectronics.az/mehsul/notbuk-hp-pb450-g10-14-fhd-250-i7-1355u16-gb512gbdos-968w0et-216958,2639.99,2109.99,530.0,351.66,6,0,0,1,True
109899,216945,Notbuk HP 14-ep1000ci 14.0 FHD Antiglare 7-150U/16GB/1TB/Intel Graphics/DOS (A16JYEA),https://www.bakuelectronics.az/mehsul/notbuk-hp-14-ep1000ci-140-fhd-antiglare-7-150u16gb1tbintel-graphicsdos-a16jyea-216945,2309.99,1909.99,400.0,318.33,6,0,0,1,True
109894,216940,Notbuk HP PB 440 G10 14 FHD i5-1335U/16GB/512GB/DOS (9G2Q1ET),https://www.bakuelectronics.az/mehsul/notbuk-hp-pb-440-g10-14-fhd-i5-1335u16gb512gbdos-9g2q1et-216940,2189.99,1779.99,410.0,296.66,6,0,0,1,True
109886,216932,Notbuk HP 15-fd0140ci 15.6 FHD Antiglare i5-1334U/16GB/512GB/MX570A 2GB/DOS (B01FREA),https://www.bakuelectronics.az/mehsul/notebook-hp-15-fd0140ci-156-fhd-antiglare-i5-1334u16gb512gbmx570a-2gbdos-216932,1749.99,1429.99,320.0,238.33,6,0,0,5,False
109878,216924,Notbuk HP PB440 G10 14 FHD i5-1334U/8GB/512GB/DOS (AK9M2AT),https://www.bakuelectronics.az/mehsul/notbuk-hp-pb440-g10-14-fhd-i5-1334u8gb512gbdos-ak9m2at-216924,1909.99,1539.99,370.0,256.66,6,0,0,1,True
109876,216922,Notbuk HP PB 440 G10 14 FHD i5-1334U/8GB/512GB/DOS (9G1Q5ET),https://www.bakuelectronics.az/mehsul/notbuk-hp-pb-440-g10-14-fhd-i5-1334u8gb512gbdos-9g1q5et-216922,1909.99,1549.99,360.0,258.33,6,0,0,1,True
109474,215976,Notbuk HP Pavilion X360 /I5-1335U/16GB DDR4/512GB/IRIS XE/TOUCH/14.0 FHD/DOS (7P4D7EA),https://www.bakuelectronics.az/mehsul/notebook-hp-pavilion-x360-x360riesling-23c1i5-1335u16gb-ddr4512gbiris-xetouch140-fhddos-215976,1899.99,1699.99,200.0,283.33,6,0,0,1,False
109437,215699,Notbuk Acer EX215-57/15.6 FHD IPS/I3-1315U/8 GB/512GB SSD/FREE DOS (NX.EJAER.003),https://www.bakuelectronics.az/mehsul/notbuk-acer-ex215-57156-fhd-ipsi3-1315u8-gb512gb-ssdfree-dos-nxejaer003-215699,999.99,839.99,160.0,140,6,0,0,3,False
109125,215401,Notbuk Acer NITRO ANV15-41/15.6FHD IPS 165HZ/AMD RYZEN 5 7535HS/16 GB/512GB SSD/RTX 3050/FREE DOS (NH.QSHER.001),https://www.bakuelectronics.az/mehsul/notebook-acer-nitro-anv15-41156fhd-ips-165hzamd-ryzen-5-7535hs16-gb512gb-ssdrtx-3050free-dos-215401,1999.99,1699.99,300.0,283.33,6,0,0,2,False
109124,215400,Notbuk Acer NITRO ANV15-51/15.6FHD IPS 165HZ/I7-13620H/16 GB /1TB SSD/RTX 4060/FREE DOS (NH.QQEER.002),https://www.bakuelectronics.az/mehsul/notebook-acer-nitro-anv15-51156fhd-ips-165hzi7-13620h16-gb-1tb-ssdrtx-4060free-dos-215400,2899.99,2399.99,500.0,400,6,0,0,3,False
109116,215392,Notbuk HP Victus CLAMSHELL OPIHR 24C1/R5-8645HS/16GB DDR5/512GB/RTX 4050 6GB/15.6 FHD 144HZ/DOS (A19GNEA),https://www.bakuelectronics.az/mehsul/notebook-hp-victus-clamshell-opihr-24c1r5-8645hs16gb-ddr5512gbrtx-4050-6gb156-fhd-144hzdos-215392,2299.99,1999.99,300.0,333.33,6,0,0,8,False
87975,215231,"Notbuk HP 15-EW1058 LAPTOP, 15.6 FHD TCH SCR IPS DSP/I5-1335U/8GB/512GB/IRIS XE/WIN11/SL (85S59UA)",https://www.bakuelectronics.az/mehsul/notebook-hp-15-ew1058-laptop-156-fhd-tch-scr-ips-dspi5-1335u8gb512gbiris-xewin11sl-215231,1599.99,1399.99,200.0,233.33,6,0,0,2,False
87719,215102,"Apple MacBook Air 13.6"" M3 (8C CPU/8C GPU), 16GB/256GB SSD, Midnight (MC8K4RU/A)",https://www.bakuelectronics.az/mehsul/apple-macbook-air-136-m3-8c-cpu8c-gpu-16gb256gb-ssd-midnight-mc8k4rua-215102,2499.99,1999.99,500.0,333.33,6,0,0,3,False
87273,214866,Notbuk Asus ROG ZEPHYRUS/ U7-155H/ 16GB/ 512GB/ 16.0/ RTX4050 (90NR0IU1-M00250),https://www.bakuelectronics.az/mehsul/notbuk-asus-rog-zephyrus-u7-155h-16gb-512gb-160-rtx4050-90nr0iu1-m00250-214866,5229.99,3799.99,1430.0,633.33,6,0,0,1,True
87001,214787,Notbuk HP EliteBook 860 G10  I7-1355U REALTEK USBC 860 G10/16.0 WUXGA/16GB (1X16GB)DDR5/512GB/W11P64 (8A4L5EA),https://www.bakuelectronics.az/mehsul/notebook-hp-uma-i7-1355u-realtek-usbc-860-g10160-wuxga16gb-1x16gbddr5512gbw11p64-214787,2899.99,2599.99,300.0,433.33,6,0,0,3,False
86889,214682,Notbuk MSI Cyborg CORE I7-13620H/16GB/512GB/4GB RTX 3050/15.6FHD/DOS/BLACK (9S7-15K111-821),https://www.bakuelectronics.az/mehsul/notebook-msi-cyborg-core-i7-13620h16gb512gb4gb-rtx-3050156fhddosblack-214682,2399.99,1999.99,400.0,333.33,6,0,0,4,False
86757,214550,Notbuk ASUS ExpertBook B2 15.6 FHD IPS/I7-1360P/RAM 16GB/SSD 512GB G4/INTEL IRIS XE (90NX06F1-M00620),https://www.bakuelectronics.az/mehsul/notbuk-asus-expertbook-b2-156-fhd-ipsi7-1360pram-16gbssd-512gb-g4intel-iris-xe-90nx06f1-m00620-214550,2329.99,1799.99,530.0,129.44,18,0,0,1,True
86754,214547,Notbuk Lenovo ThinkPad 14 TOUCH WUXGA(1920X1200) IPS/INTEL ULTRA 7 155U/32GB DDR5X/SSD 1TB G4/INTEL GRAPH (21KE006ART),https://www.bakuelectronics.az/mehsul/notbuk-lenovo-thinkpad-14-touch-wuxga1920x1200-ipsintel-ultra-7-155u32gb-ddr5xssd-1tb-g4intel-graph-21ke006art-214547,5399.99,4599.99,800.0,766.66,6,0,0,1,True
86752,214545,Notbuk Lenovo ThinkPad 14 WUXGA(1920X1200) IPS/INTEL ULTRA 7 155U/RAM 16GB DDR5/SSD 1TB G4/INTEL GRAPHICS. (21ML009DRT),https://www.bakuelectronics.az/mehsul/notbuk-lenovo-thinkpad-14-wuxga1920x1200-ipsintel-ultra-7-155uram-16gb-ddr5ssd-1tb-g4intel-graphics-21ml009drt-214545,3489.99,2909.99,580.0,193.89,18,0,0,1,True
86425,214420,Apple MacBook Pro 16 M4 MAX chip with 14‑core CPU/32‑core GPU/36GB/1TB SSD/Space Black (MX303RU/A),https://www.bakuelectronics.az/mehsul/16-inch-macbook-pro-apple-m4-max-chip-with-14core-cpu32core-gpu36gb1tb-ssdspace-black-214420,9529.99,8569.99,960.0,1428.33,6,0,0,1,False
86415,214410,Apple MacBook Pro 14 M4 PRO CHIP WITH 12‑CORE CPU/16‑CORE GPU/24GB/512GB SSD/SLV (MX2E3RU/A),https://www.bakuelectronics.az/mehsul/apple-macbook-pro-14-m4-pro-chip-with-12core-cpu16core-gpu24gb512gb-ssdslv-mx2e3rua-214410,5449.99,4899.99,550.0,816.66,6,0,0,2,False
86414,214409,Apple MacBook Pro 14 M4 CHIP WITH 10‑CORE CPU/10‑CORE GPU/16GB/1TB SSD/SILVER (MW2X3RU/A),https://www.bakuelectronics.az/mehsul/apple-macbook-pro-14-m4-chip-with-10core-cpu10core-gpu16gb1tb-ssdsilver-mw2x3rua-214409,4949.99,4449.99,500.0,741.66,6,0,0,2,False
86412,214407,Apple MacBook Pro 14 M4 CHIP WITH 10‑CORE CPU/10‑CORE GPU/16GB/1TB SSD/SPACE BLACK (MW2V3RU/A),https://www.bakuelectronics.az/mehsul/apple-macbook-pro-14-m4-chip-with-10core-cpu10core-gpu16gb1tb-ssdspace-black-mw2v3rua-214407,4949.99,4449.99,500.0,275,18,0,0,5,False
86409,214404,Apple MacBook Pro 14 M4 CHIP WITH 10‑CORE CPU/10‑CORE GPU/24GB/1TB SSD/SPACE BLACK (MCX04RU/A),https://www.bakuelectronics.az/mehsul/apple-macbook-pro-14-m4-chip-with-10core-cpu10core-gpu24gb1tb-ssdspace-black-mcx04rua-214404,5449.99,4899.99,550.0,816.66,6,0,0,5,False
82215,213510,Notbuk HP Victus Gaming 16-r1064ci 16/I5-14450HX/16GB DDR5/512GB SSD/NVIDIA GEFORCE RTX 3050 6GB VRAM/FREEDOS (A9DU8EA),https://www.bakuelectronics.az/mehsul/notebook-hp-victus-16i5-14450hx16gb-ddr5512gb-ssdnvidia-geforce-rtx-3050-6gb-vramfreedos-213510,2399.99,2049.99,350.0,341.66,6,0,0,8,False
82209,213504,Notbuk HP Victus Gaming 15-fa1029ci 15.6/I5-13420H/8GB DDR4/512GB SSD/NVIDIA GEFORCE RTX 3050 (7Z7M8EA) 6GB,https://www.bakuelectronics.az/mehsul/notebook-hp-156i5-13420h8gb-ddr4512gb-ssdnvidia-geforce-rtx-3050-6gb-213504,2299.99,1899.99,400.0,316.66,6,0,0,2,False
82204,213499,Notbuk HP ProBook 440 G10 14/I5-1335U/8GB DDR4/512GB SSD/INTEL UHD GRAPHICS-UMA/FREEDOS (725H8EA),https://www.bakuelectronics.az/mehsul/notbuk-hp-probook-440-g10-14i5-1335u8gb-ddr4512gb-ssdintel-uhd-graphics-umafreedos-725h8ea-213499,2479.99,1999.99,480.0,333.33,6,0,0,1,True
82185,213480,Notbuk HP 15-fd0121ci 15.6/I5-1334U/8GB/512GB SSD/INTEL IRIS XE/FREEDOS (A2LR5EA),https://www.bakuelectronics.az/mehsul/notbuk-hp-15-fd0121ci-156i5-1334u8gb512gb-ssdintel-iris-xefreedos-a2lr5ea-213480,1349.99,1099.99,250.0,183.33,6,0,0,5,False
81684,213154,"Notbuk Lenovo YogaSlim 7/14.5""3KOLED/TOUCH/SNAPDRAGON ELITE X1E-78-100/32GB/1TB SSD/WIN11/BLUE",https://www.bakuelectronics.az/mehsul/notebook-lenovo-yoga-slim-71453koledtouchsnapdragon-elite-x1e-78-10032gb1tb-ssdwin11blue-213154,3999.99,3399.99,600.0,566.66,6,0,0,2,False
81680,213150,"Notbuk Asus VivoBook  15.6"" FHD 60HZ/I7-1355U 1.7 GHZ UP TO 5.0 GHZ 10 CORES/16G/1T/IRIS X GRAPHICS (90NB10J1-M01DD0)",https://www.bakuelectronics.az/mehsul/asus-vivobook-156-fhd-60hzi7-1355u-17-ghz-up-to-50-ghz-10-cores16g1tiris-x-graphics-213150,1899.99,1559.99,340.0,260,6,0,0,1,False
80949,212999,Notbuk HUAWEI MateBook D 14/IPS/I5-13420H/16GB/512GB SSD/SLV (53014BSB),https://www.bakuelectronics.az/mehsul/notebook-huawei-53014bsb-14ipsi5-13420h16gb512gb-ssdfreedosslv-212999,1699.99,1299.99,400.0,216.66,6,0,0,12,False
80947,212997,Notbuk HUAWEI MateBook D 16 /IPS/I5-13420H/16GB/1TB SSD/FREEDOS/GRY (53014BUY),https://www.bakuelectronics.az/mehsul/notebook-huawei-53014buy-16ipsi5-13420h16gb1tb-ssdfreedosgry-212997,1749.99,1399.99,350.0,233.33,6,0,0,21,False
80613,212951,"Notbuk HP 15,6/RYZEN5-7530U/8GB/DDR4/512GB/AMD RADEON/FREEDOS (A5NT9EA)",https://www.bakuelectronics.az/mehsul/notebook-hp-a5nt9ea-156ryzen5-7530u8gbddr4512gbamd-radeonfreedos-212951,1249.99,1049.99,200.0,175,6,0,0,1,False
80609,212947,"Notbuk HP Pavilion 15,6/I7-1335U/8GB/512GB SSD/FREEDOS (8K835EA)",https://www.bakuelectronics.az/mehsul/notebook-hp-8k835ea-156i7-1335u8gb512gb-ssdfreedos-212947,1899.99,1499.99,400.0,250,6,0,0,3,False
80608,212946,"Notbuk HP Pavilion 15,6/I5-1335U/8GB/256GB SSD/IRIS XE/FREEDOS (A0NX9EA)",https://www.bakuelectronics.az/mehsul/notebook-hp-a0nx9ea-156i5-1335u8gb256gb-ssdiris-xefreedos-212946,1599.99,1399.99,200.0,233.33,6,0,0,1,False
80605,212943,"Notbuk HP Pavilion 15,6/IPS/I5-1335U/8GB/DDR4/512GB/FREEDOS/SLV (84J87EA)",https://www.bakuelectronics.az/mehsul/notebook-hp-84j87ea-156ipsi5-1335u8gbddr4512gbfreedosslv-212943,1599.99,1399.99,200.0,233.33,6,0,0,3,False
71246,212188,Notbuk HP Pavilion Laptop 15-EG3058C/CORE I5-1335U/8GB/512GB SSD/15.6 FHD/INTEL IRIS XE/FREEDOS (A0NY1EA),https://www.bakuelectronics.az/mehsul/notebook-hp-pavilion-laptop-15-eg3058ccore-i5-1335u8gb512gb-ssd156-fhdintel-iris-xefreedos-212188,1599.99,1449.99,150.0,241.66,6,0,0,2,False
72042,212187,Notbuk HP Pavilion Laptop 15-EG3042CI/15.6/INTEL CORE I3 1315U/8GB RAM/256GB SSD (8K816EA),https://www.bakuelectronics.az/mehsul/notebook-hp-pavilion-15-eg3042ci156intel-core-i3-1315u8gb-ram256gb-ssd-212187,1249.99,999.99,250.0,166.66,6,0,0,2,False
73545,211583,Notbuk ASUS Vivobook 15.6 FHD IPS/I3-1315U/RAM 8GB/SSD 512GB/INTEL UHD GRAPHICS (90NB10J1-M019S0),https://www.bakuelectronics.az/mehsul/laptop-asus-156-fhd-ipsi3-1315uram-8gbssd-512gbintel-uhd-graphics-211583,1099.99,829.99,270.0,138.33,6,0,0,5,False
73499,211516,Notbuk ACER Aspire 5 A515-58GM/15.6 FHD IPS SLMBZL/INTEL CORE I7-1355U/NVIDIA GEFORCE RTX 2050 (NX.KGZER.004),https://www.bakuelectronics.az/mehsul/notbuk-acer-aspire-5-a515-58gm156-fhd-ips-slmbzlintel-core-i7-1355unvidia-geforce-rtx-2050-nxkgzer004-211516,2399.99,2099.99,300.0,350,6,0,0,7,False
73497,211513,Notbuk Lenovo V15 G4 CI3-1315U/8GB/256GB-SSD/LAN-PORT/15.6 FHD/DOS /BUSINESS BLACK /ENG (83A1004SAK),https://www.bakuelectronics.az/mehsul/notebook-lenova-v15-g4-iryintel-i3-1315uint-uhd-shared8gb256gb-ssd156-fhd-tn-250-nitswin-11-211513,999.99,899.99,100.0,150,6,0,0,4,False
73481,211497,"Notbuk ACER AMD RYZEN 7 5700U,15.6 FHD ACER CMFYW LED LCD,UMA,16 GB DDR4 MMY,512GB (NX.KSJER.007)",https://www.bakuelectronics.az/mehsul/notbuk-acer-amd-ryzen-7-5700u156-fhd-acer-cmfyw-led-lcduma16-gb-ddr4-mmy512gb-nxksjer007-211497,1199.99,999.99,200.0,166.66,6,0,0,2,False
69641,211496,Notbuk ACER INTEL CORE I5-14450HX 1024GB PCIE NVME SED/NVD GFRC RTX 4060 -8G-GDDR6 16GBPS 16IPS,https://www.bakuelectronics.az/mehsul/notbuk-acer-intel-core-i5-14450hx-1024gb-pcie-nvme-sednvd-gfrc-rtx-4060-8g-gddr6-16gbps-16ips-211496,3399.99,2899.99,500.0,483.33,6,0,0,15,False
73480,211495,Notbuk Acer Nitro I7-13620H 16 GB DDR5 MMR-512GB PCIE NVME SSD NVD GFRC (NH.QNBER.002),https://www.bakuelectronics.az/mehsul/notbuk-acer-nitro-i7-13620h-16-gb-ddr5-mmr-512gb-pcie-nvme-ssd-nvd-gfrc-nhqnber002-211495,2749.99,2199.99,550.0,366.66,6,0,0,19,False
73479,211494,Notbuk Acer Nitro CORE I5-13420H 16 GB DDR5MMRY 512GB PCIE NVME SSD NVD GFRC RTX (NH.QNDER.002),https://www.bakuelectronics.az/mehsul/notebook-acer-intl-core-i5-13420h-16-gb-ddr5mmry-512gb-pcie-nvme-ssd-nvd-gfrc-rtx-2050-156ips-144hz-211494,1999.99,1699.99,300.0,283.33,6,0,0,5,False
73018,210750,"Apple MacBook Air 15"" M3 (8C CPU/10C GPU), 16GB, 512GB SSD - Midnight (MXD43RU/A)",https://www.bakuelectronics.az/mehsul/15-inch-macbook-air-apple-m3-chip-with-8-core-cpu-and-10-core-gpu-16gb-512gb-ssd-midnight-210750,2899.99,2599.99,300.0,433.33,6,0,0,1,False
73014,210746,"Apple MacBook Air 13"" M3 (8C CPU/10C GPU), 16GB, 512GB SSD - Midnight (MXCV3RU/A)",https://www.bakuelectronics.az/mehsul/13-inch-macbook-air-apple-m3-chip-with-8-core-cpu-and-10-core-gpu-16gb-512gb-ssd-midnight-210746,2699.99,2399.99,300.0,400,6,0,0,2,False
78156,207779,Notbuk Acer Predator Triton Neo 16 51 16 WQXGA 3.2K IPS 165HZ DDS INTEL CORE ULTRA 7 PRC 155H NVD GFCE RTX  4070 1 (NH.QSBER.001),https://www.bakuelectronics.az/mehsul/notebook-acer-ptn16-51-16-wqxga-32k-ips-165hz-dds-ultra-7-prc-155h16gb1tbrtx-4070-8gbsl-207779,4799.99,3999.99,800.0,666.66,6,0,0,7,False
71130,207778,Notbuk Acer Predator Helios Neo 18 PHN18-71 (NH.QS0ER.003),https://www.bakuelectronics.az/mehsul/notebook-acer-phn18-71-18-wqxga-ips-165hz-dci-p3-100perc-ddsi9-14900hxrtx4060-8gb32gb2tb-ssd-207778,4999.99,4299.99,700.0,716.66,6,0,0,1,False
74129,207777,Notbuk Acer Predator Helios Neo 18 PHN18-71 (NH.QS0ER.002),https://www.bakuelectronics.az/mehsul/207777,4599.99,3999.99,600.0,666.66,6,0,0,1,False
76760,207776,Notbuk Acer Predator Helios Neo 18 PHN18-71 18WQXGA IPS 165HZ DCI-P3 100per DDS INTL CORE I5-14450HX NVD GFCE RTX 4050 16GB (NH.QS1ER.001),https://www.bakuelectronics.az/mehsul/laptop-acer-phn18-71-18wqxga-ips-165hz-dci-p3-100per-dds-intl-core-i5-14450hx-nvd-gfce-rtx-4050-16gb-207776,4389.99,3289.99,1100.0,548.33,6,0,0,1,False
64205,205539,Notbuk HUAWEI MateBook D 16 2024 16 inch i5-13420H UMA 16GB 512GB Space Gray FreeDos (53013YDL),https://www.bakuelectronics.az/mehsul/notbuk-huawei-matebook-d-16-2024-16-inch-i5-13420h-uma-16gb-512gb-space-gray-freedos-53013ydl-205539,1699.99,1299.99,400.0,216.66,6,0,0,18,False
71527,204854,Notbuk Acer Nitro ANV15-51/15.6 FHD IPS 144Hz/ i7-13620H/ 16GB/ 1TB SSD/RTX 4050/ Free Dos (NH.QNBER.006-N),https://www.bakuelectronics.az/mehsul/laptop-acer-nitro-anv15-51156-fhd-ips-144hz-i7-13620h-16gb-1tb-ssdrtx-4050-free-dos-nhqnber006-n-204854,2799.99,2299.99,500.0,383.33,6,0,0,2,False
63452,204853,Notbuk Acer Nitro ANV15-51/15.6 FHD IPS 144Hz/ i5-13420H/ 16GB/ 1TB SSD/RTX 2050/ Free Dos (NH.QNDER.003-N),https://www.bakuelectronics.az/mehsul/laptop-acer-nitro-anv15-51156-fhd-ips-144hz-i5-13420h-16gb-1tb-ssdrtx-2050-free-dos-204853,2099.99,1799.99,300.0,300,6,0,0,5,False
61268,202653,"Apple MacBook Pro 16.2"" Apple M3 Max (16C CPU/40C GPU), 1TB SSD - Space Black (MUW63RU/A)",https://www.bakuelectronics.az/mehsul/apple-macbook-pro-162-apple-m3-max-16c-cpu40c-gpu-1tb-ssd-space-black-muw63rua-202653,10299.99,9699.99,600.0,1616.66,6,0,0,3,False
61267,202652,"Apple MacBook Pro 16.2 M3 Max (14C CPU/30C GPU), 1TB SSD - Space Black (MRW33RU/A)",https://www.bakuelectronics.az/mehsul/apple-macbook-pro-162-apple-m3-max-14c-cpu30c-gpu-1tb-ssd-space-black-mrw33rua-202652,8999.99,8499.99,500.0,1416.66,6,0,0,7,False
58656,198490,Notbuk HUAWEI MateBook D 16 /i5 13420H/Space Gray/16/512/WIN11 (53013WXA),https://www.bakuelectronics.az/mehsul/notbuk-huawei-matebook-d-16-i5-13420hspace-gray16512win11-53013wxa-198490,2099.99,1599.99,500.0,266.66,6,0,0,1,False
58527,198316,Notbuk TECNO Megabook S1 (S15AM) 16GB/512GB (i5-1240P) Grey (Windows),https://www.bakuelectronics.az/mehsul/notbuk-tecno-megabook-s1-s15am-16gb512gb-i5-1240p-grey-windows-198316,1899.99,1549.99,350.0,258.33,6,0,0,5,False
56118,196258,"Apple MacBook Pro 16 M3 Pro (12C CPU/18C GPU) 36GB, 512GB SSD - Silver (MRW63RU/A)",https://www.bakuelectronics.az/mehsul/apple-macbook-pro-16-m3-pro-12c-cpu18c-gpu-36gb-512gb-ssd-silver-mrw63rua-196258,7499.99,6999.99,500.0,1166.66,6,0,0,1,False
56117,196257,"Apple MacBook Pro 16 M3 Pro (12C CPU/18C GPU) 36GB, 512GB SSD - Space Black (MRW23RU/A)",https://www.bakuelectronics.az/mehsul/16-macbook-prom3-pro-chip-with-12core-cpu-and-18core-gpu-36gb-512gb-ssd-space-black-196257,7499.99,6999.99,500.0,1166.66,6,0,0,4,False
56116,196256,"Apple MacBook Pro 16 M3 Pro (12C CPU/18C GPU) 18GB, 512GB SSD - Space Black (MRW13RU/A)",https://www.bakuelectronics.az/mehsul/apple-macbook-pro-16-m3-pro-12c-cpu18c-gpu-18gb-512gb-ssd-space-black-mrw13rua-196256,6499.99,6049.99,450.0,1008.33,6,0,0,1,False
55648,195265,Notbuk HP i5-1235U/ 15.6 FHD/ 8GB 1D DDR4/512GB PCIe NVMe/Nvidia GeForce MX550 2GB/DOS/ Asteroid Silver (724N5EA),https://www.bakuelectronics.az/mehsul/notbuk-hp-i5-1235u-156-fhd-8gb-1d-ddr4512gb-pcie-nvmenvidia-geforce-mx550-2gbdos-asteroid-silver-724n5ea-195265,1549.99,1399.99,150.0,233.33,6,0,0,1,False
80578,195222,Notbuk HP Pavilion x360 14-ek1002ci/i7-1355U/16GB DDR4/512GB/Intel Iris Xe/Touch/14.0 FHD IPS/No ODD/OST FreeDOS/Silver (7P4D6EA),https://www.bakuelectronics.az/mehsul/notebook-hp-14-ek1002cii7-1355u16gb-ddr4512gbintel-iris-xetouch140-fhd-ipsno-odddossilver-195222,1999.99,1799.99,200.0,300,6,0,0,1,False
53554,195055,Notbuk Acer Swift 3/14 QHD IPS/i7-1260P/16GB/512GB SSD/Win11/Intel Graphics/Win11/ Blue (NX.K7MER.009-N),https://www.bakuelectronics.az/mehsul/notbuk-acer-swift-314-qhd-ipsi7-1260p16gb512gb-ssdwin11intel-graphicswin11-blue-nxk7mer009-n-195055,1899.99,1599.99,300.0,266.66,6,0,0,12,False
86272,192758,Notbuk HP Pavilion/i3-1315U/8GB/512GB/Intel UHD Graphics Integrated/15.6 FHD (7P4E3EA),https://www.bakuelectronics.az/mehsul/notbuk-hp-pavilioni3-1315u8gb512gbintel-uhd-graphics-integrated156-fhd-7p4e3ea-192758,1249.99,999.99,250.0,166.66,6,0,0,1,False
48643,186801,Apple MacBook 16 M2 Pro/12CPU/19GPU/512GB SSD/Silver 2023 (MNWC3RU/A),https://www.bakuelectronics.az/mehsul/apple-macbook-16-m2-pro12cpu19gpu512gb-ssdsilver-2023-mnwc3rua-186801,6399.99,6049.99,350.0,1008.33,6,0,0,3,False
48642,186800,Apple MacBook 16 M2 Pro/12CPU/19GPU/1TB SSD/Silver 2023 (MNWD3RU/A),https://www.bakuelectronics.az/mehsul/apple-macbook-16-m2-pro12cpu19gpu1tb-ssdsilver-2023-mnwd3rua-186800,6929.99,6799.99,130.0,1133.33,6,0,0,1,False
42839,185771,"Apple MacBook 16.2"" M2 Max/12CPU/38GPU/32GB/1TB SSD/Space Grey 2023 (MNWA3RU/A)",https://www.bakuelectronics.az/mehsul/apple-macbook-162-m2-max12cpu38gpu32gb1tb-ssdspace-grey-2023-mnwa3rua-185771,8499.99,7999.99,500.0,1333.33,6,0,0,2,False
42838,185769,"Apple MacBook 16.2"" M2 Pro/12CPU/19GPU/16/512GB SSD/Space Grey 2023 (MNW83RU/A)",https://www.bakuelectronics.az/mehsul/apple-macbook-162-m2-pro12cpu19gpu16512gb-ssdspace-grey-2023-mnw83rua-185769,5599.99,5599.99,,933.33,6,0,0,2,False
23958,167079,"Apple MacBook Air 13"" M1 2020 Space Grey (MGN63RU/A)",https://www.bakuelectronics.az/mehsul/apple-macbook-air-13-m1-2020-space-grey-mgn63rua-167079,1799.99,1499.99,300.0,250,6,0,0,39,False
22856,165724,"Notbuk Asus ZENBOOK 13.3""/I5-8565U/8G/512G/INTEL HD 620 (90NB0L71-M00990)",https://www.bakuelectronics.az/mehsul/notbuk-asus-zenbook-133i5-8565u8g512gintel-hd-620-90nb0l71-m00990-165724,2199.99,1899.99,300.0,316.66,6,0,0,1,False
20648,163153,Notbuk Spin 5 SP513-53N (NX.H62ER.007),https://www.bakuelectronics.az/mehsul/notbuk-spin-5-sp513-53n-nxh62er007-163153,1899.99,1799.99,100.0,300,6,0,0,1,False
17227,159302,Notbuk Acer SWIFT 7 SF714-51T (NX.GUJER.002),https://www.bakuelectronics.az/mehsul/notebook-acer-swift-7-sf714-51t-i7-7y758gbssd-256-gb-win10h-159302,2799.99,2699.99,100.0,450,6,0,0,2,False
